TaskID,Input_1,Output1_1
4,10.7,78.08
4,11.4,76.65
4,11.6,76.9
4,12.4,75.08
4,12.5,72.13
4,12.7,71.195
4,13.4,69.8
4,13.5,70.06
4,13.6,67.64
4,13.8,69.31
4,13.9,69.465
4,14.5,67.71
4,14.7,66.97
4,15.0,67.48
5,13.1,67.05000000000001
5,13.8,65.93
5,14.0,62.675
5,14.1,65.045
5,14.2,63.91
5,14.5,62.41
5,14.7,62.71
5,14.9,60.98
5,15.0,61.59
5,15.1,62.59
5,15.2,61.07
5,15.7,62.37
5,15.8,61.21
5,15.9,60.59
5,16.0,62.07
5,16.1,64.56
5,16.2,60.364999999999995
5,16.7,62.31
5,16.9,61.08
5,17.0,60.99
5,17.1,61.33
5,17.2,61.42
5,17.7,62.44
5,17.8,59.695
5,17.9,59.535
5,18.0,60.55
5,18.7,59.59
5,18.8,58.97
5,18.9,59.17
5,19.1,60.52
5,19.7,58.715
5,19.8,60.239999999999995
5,19.9,58.04
30,15.5,68.7
30,15.9,68.2
30,16.1,67.06
30,16.4,66.5
30,16.5,64.53
30,17.0,65.55
30,17.2,64.03999999999999
30,17.5,64.04
30,18.2,63.37
30,18.3,61.92
30,18.5,62.2
30,19.0,62.93
30,19.2,63.345
30,19.3,62.760000000000005
30,19.5,63.96
33,12.8,81.81
33,13.4,75.07
33,13.7,73.23
33,13.8,73.78
33,14.4,70.18
33,14.5,68.85
33,15.4,66.16
33,15.5,66.62
33,15.7,69.12
33,15.8,67.65
33,16.4,65.99
33,16.5,66.32
33,16.7,65.3
33,16.8,66.84
33,17.7,64.72
35,13.7,66.375
35,13.8,66.37
35,13.9,66.12
35,14.8,64.56
35,14.9,63.28
35,15.3,62.03
35,15.8,62.41
35,15.9,61.815
35,16.2,62.02
35,16.7,61.81
35,16.8,62.3
35,16.9,62.22
35,17.1,63.540000000000006
35,17.2,63.16
35,17.3,62.19
35,17.7,62.925
35,17.8,63.3
35,17.9,64.84
39,14.2,65.59
39,14.5,61.775
39,15.2,61.59
39,15.4,61.875
39,16.1,61.07
39,16.2,60.06
39,16.3,59.195
39,16.4,59.97
39,16.6,60.77
39,17.1,60.855000000000004
39,17.2,59.63
39,17.9,60.125
39,18.1,60.57
39,18.2,61.15
39,18.4,60.76
42,14.4,70.95
42,15.3,67.05
42,16.0,67.9
42,16.1,65.99
42,16.2,65.61
42,16.4,64.49
42,17.0,65.67
42,17.1,64.515
42,17.3,63.85
42,17.4,65.64
42,17.8,65.42
42,18.0,65
42,18.1,65.56
42,18.4,65.49
42,19.1,68.74
42,19.2,66.49
42,19.3,67.73
44,13.4,70.38999999999999
44,14.2,66.77
44,14.3,65.83500000000001
44,14.4,66.04
44,15.0,65.66
44,15.1,64.39
44,15.2,67.31
44,15.4,66.17
44,15.8,66.8
44,16.0,66.8
44,16.4,66.48
44,17.0,65.25
44,17.4,67.3
48,11.8,80.11
48,13.6,72.4
48,13.8,73.03
48,14.0,71.11
48,14.6,70.56
48,14.7,68.21
48,14.8,69.32
48,15.0,68.61
48,15.6,69.28
48,15.7,68.5
48,15.8,68.37
48,15.9,71.83
48,16.0,69.68
51,11.2,72.29499999999999
51,12.1,65.53
51,12.4,62.86
51,13.4,70.31
51,14.0,62.42
51,14.1,65.12
51,14.2,63.035000000000004
51,14.4,62
51,14.5,62.08
51,15.0,62.239999999999995
51,15.1,63.95
51,15.2,68.46
51,15.4,62.945
51,15.5,62.08
53,13.4,65.31
53,13.9,66.49
53,14.1,65.245
53,14.2,64.85
53,14.3,65.475
53,14.4,65.28
53,14.9,65.26
53,15.1,65.21
53,15.2,63.66
53,15.3,64.06
53,15.4,64.325
53,15.5,62.78
53,15.9,63.775
53,16.0,64.86
53,16.2,63.715
53,16.3,64.27
53,16.4,65.42
57,14.8,67.1
57,14.9,66.9
57,15.2,62.56
57,15.3,63.98
57,15.4,62.94
57,15.5,62.22
57,16.0,63.17
57,16.1,62.67
57,16.2,61.8
57,16.4,61.91
57,17.0,62.019999999999996
57,17.1,61.09
57,17.3,61.65
57,17.4,63.955
57,17.5,61.51
57,17.9,61.04
57,18.0,61.56
57,18.1,61.21
57,18.3,61.815
57,18.4,64.13
57,19.0,63.58
57,19.2,62.44
57,19.3,62.11
57,19.4,61.730000000000004
57,20.0,63.06
58,14.1,71.32
58,14.2,69.35
58,14.3,67.19
58,14.4,66.77
58,15.0,66.3
58,15.1,64.74
58,15.3,65.375
58,15.4,64.775
58,16.0,65.04
58,16.1,64.84
58,16.3,64.15
58,16.4,64.285
58,17.1,64.85
58,17.3,64.7
58,17.4,67.395
58,18.1,69.78
60,12.8,71.85
60,13.0,71.47
60,13.2,73.3
60,13.7,74.46
60,13.8,74.42
60,13.9,73.91
60,14.0,72.74
60,14.2,70.86
60,14.8,68.35
60,15.0,67.33
60,15.7,68.775
60,15.8,70.2
60,16.0,71.64
60,16.1,72.85
60,16.7,68.96
60,16.8,65.73
60,17.1,67.025
60,17.7,64.59
60,17.8,64.94
68,12.6,72.11
68,13.3,68.87
68,13.4,69.42
68,13.6,70.87
68,13.7,70.29
68,14.2,67.37
68,14.4,67.16
68,14.6,67.97
68,14.7,67.55
68,15.2,67.5
68,15.4,67.58
68,15.6,67.08
68,15.7,67.61500000000001
68,17.6,70.43
71,13.2,71.85
71,13.5,67.45
71,13.6,67.985
71,13.7,68.4
71,14.1,65.46000000000001
71,14.3,66.63
71,14.4,66.47
71,14.5,66.635
71,14.6,66.83500000000001
71,14.7,65.81
71,15.1,65.17
71,15.3,65.78999999999999
71,15.4,64.8
71,15.6,66.24000000000001
71,15.7,65.88
71,16.1,65.71
71,16.3,65.85
71,16.4,65.92
71,16.6,66.42
77,14.1,71.41
77,15.1,68.39
77,15.7,69.26
77,15.8,67.1
77,16.0,65.28
77,16.1,64.45
77,16.5,61.565
77,16.7,62.075
77,16.8,62.185
77,16.9,62.15
77,17.0,60.9
77,17.1,61.135
77,17.2,61.18
77,17.7,63.61
77,17.8,60.63
77,17.9,60.349999999999994
77,18.0,59.765
77,18.1,61.46
77,18.6,64.2
77,18.7,64.105
77,19.1,63.51
79,11.1,82.1
79,13.1,71.13
79,13.2,69.44
79,14.2,66.305
79,14.3,65.83
79,14.9,67.81
79,15.2,65.89
79,15.3,65.75
79,16.0,63.41
79,16.3,65.79
79,16.9,69.2
79,17.0,65.99
79,17.3,66.75
79,17.4,63.5
84,11.4,99.84
84,12.3,81.74
84,12.4,79.2
84,14.1,65.74000000000001
84,14.3,65.97
84,14.4,66.63
84,15.1,64.205
84,15.2,64.89
84,15.3,66.05
84,15.4,63.88
84,15.5,63.805
84,16.1,63.614999999999995
84,16.2,61.86
84,16.3,62.03
84,16.4,63.39
84,16.5,62.405
87,11.5,67.3
87,11.6,65.85
87,12.5,62.18
87,12.6,61.28
87,13.2,60.185
87,13.4,60.33
87,13.5,58.879999999999995
87,13.6,59.739999999999995
87,13.7,59.35
87,13.8,58.495
87,14.3,59.295
87,14.4,58.480000000000004
87,14.8,58.13
87,15.3,58.99
87,15.4,58.97
87,15.5,58.43
87,16.4,58.68
87,17.3,58.650000000000006
87,17.6,58.385
87,17.8,58.075
87,18.0,58.66
87,18.1,60.67
87,18.4,57.66
87,18.8,57.85
92,12.7,81.73
92,12.8,77.18
92,12.9,78.12
92,13.1,74.02
92,13.7,77.35
92,14.0,75.12
92,14.1,74.73
92,14.8,76.24
92,15.0,77.84
92,15.1,74.62
92,15.7,76.02
92,16.0,72.91
92,16.1,73.55
92,16.9,76.38
92,17.0,74.18
92,17.1,74.29
94,13.1,71.43
94,13.9,66.07
94,14.0,65.42
94,14.1,70.51
94,14.2,65.5
94,14.3,65.255
94,14.9,65.79
94,15.0,65.3
94,15.1,63.8
94,15.3,67.59
94,15.9,63.46
94,16.0,63.47
94,16.2,63
94,16.3,64.155
94,16.9,64.23
94,17.0,63.675000000000004
94,17.1,67.50999999999999
94,17.2,63.825
94,17.3,66.79
94,18.0,62.91
100,14.1,73.18
100,14.8,71.12
100,15.0,70.33
100,15.1,70.09
100,15.8,72.25
100,15.9,71.37
100,16.0,72.02
100,16.1,72.19
100,16.8,72.12
100,17.0,69.81
100,17.1,68.66
100,17.8,69.53
100,18.0,69.1
100,18.1,70.37
100,18.7,72.91
100,19.7,75
109,11.2,81.54
109,12.2,73.48
109,13.2,71.79
109,14.3,69.32
109,15.2,68.87
109,15.3,71.29
109,16.2,66.36500000000001
109,16.3,67.82
109,17.0,66.04
109,17.2,65.595
109,17.3,68.47
109,17.9,68.45
109,18.0,68.34
109,18.3,69.05
109,18.9,71.51499999999999
109,19.0,69.965
114,11.0,81.65
114,12.0,71.78
114,13.0,66.71
114,13.1,66.46
114,13.7,67.21
114,13.8,66.96
114,14.0,65.66
114,14.1,64.63
114,14.9,65.71
114,15.0,63.86
114,15.1,65.305
114,15.8,64.67
114,16.0,66.395
114,16.9,69.65
121,10.2,82.31
121,10.3,82.51
121,11.2,72.565
121,12.0,67.31
121,12.8,66.7
121,14.0,66.6
121,14.1,66.02
121,14.2,66.58
121,14.3,64.83
121,14.4,66
121,15.0,66.02
121,15.1,66.09
121,15.2,66.03
121,15.4,67.71
124,12.2,74.6
124,13.2,72.51
124,14.0,68.7
124,14.3,66.905
124,14.9,65.54
124,15.0,65.14
124,15.2,65.07
124,15.3,65.55
124,16.1,64.57
124,16.2,66.455
124,16.4,65.42
124,17.0,63.620000000000005
124,17.1,64.02
124,17.3,64.33
124,18.2,66.295
124,19.3,65.16
127,11.2,84.59
127,13.2,71.03
127,14.0,70.84
127,14.1,71.42
127,14.2,69.52
127,14.5,64.5
127,15.0,64.35
127,15.1,63.76
127,15.2,62.72
127,15.3,63.97
127,15.4,64.63
127,15.5,62.56
127,15.9,63.745
127,16.0,68.09
127,16.1,63.81
127,16.2,61.765
127,16.3,65.705
127,16.4,64.98
127,16.5,62.96
128,10.6,79.48
128,11.2,74.2
128,11.3,71.36
128,11.6,69.38
128,12.3,65.18
128,12.4,64.94
128,12.5,64.42
128,12.6,64.32
128,12.7,64.44
128,13.2,64.68
128,13.3,64.5
128,13.5,63.54
128,13.6,61.32
128,13.7,60.78
128,13.8,61.35
128,14.2,63.1
128,14.4,61.86
128,14.5,60.78
128,14.7,60.03
128,14.8,60.025000000000006
128,15.4,61.84
128,15.5,61.06
128,15.6,62.84
128,15.7,60.45
128,15.8,60.73
128,16.3,60.17
128,16.4,60.62
128,16.5,59.76
128,16.7,61.65
128,16.8,60.08
128,17.2,61.35
128,17.3,66.9
128,17.4,59.86
128,17.5,60.4
128,17.7,61.39
132,12.0,74.25
132,12.1,73.72
132,13.7,66.95
132,13.8,67.78
132,14.0,65.99
132,14.1,64.94999999999999
132,14.8,64.38499999999999
132,15.0,66.755
132,15.1,63.38
132,15.7,63.46
132,15.8,65.29
132,16.0,65.58
132,16.1,62.93
132,16.8,70.19
132,17.2,63.66
134,12.6,66.72
134,13.2,65.82
134,13.6,63.8
134,14.2,60.86
134,14.4,61.225
134,14.6,61.935
134,15.5,59.64
134,15.6,59.57
134,15.7,60.585
134,16.0,60.46
134,16.2,61.14
134,16.4,59.55
134,16.6,59.94
134,16.7,59.455
134,17.2,59.835
134,17.3,59.629999999999995
134,17.4,57.88
134,17.5,59.415
134,17.7,59.155
134,18.2,60.125
134,18.3,60.120000000000005
134,18.4,58.83
134,18.5,60.28
134,18.7,59.135
134,19.3,59.185
134,19.4,58.53
134,19.5,59.735
134,19.6,58.3
134,19.7,58.62
136,11.6,69.4
136,11.7,69.08
136,11.8,64.25
136,12.7,66.72
136,12.8,63.01
136,12.9,61.39
136,13.0,60.72
136,13.5,61.27
136,13.7,61.08
136,13.8,60.78
136,13.9,60.16
136,14.1,60.75
136,14.5,60.94
136,14.6,60.98
136,14.7,60.96
136,14.8,60.9
136,15.0,60.355000000000004
136,15.1,60.64
136,15.7,60.155
136,15.8,59.2
136,15.9,60.17
136,16.0,59.995000000000005
136,16.1,59.64
136,16.7,60.11
136,16.8,59.765
136,17.6,59.76
136,17.8,60.144999999999996
139,10.1,75.61500000000001
139,11.0,71.87
139,11.6,67.6
139,12.0,64.89500000000001
139,12.1,64.85
139,12.2,64.97
139,12.6,63.95
139,13.1,62.21
139,13.2,60.87
139,13.8,60.995000000000005
139,13.9,60.879999999999995
139,14.0,59.64
139,14.2,59.4
139,14.7,60.99
139,14.8,61.53
139,14.9,61.105000000000004
139,15.0,60.47
139,15.3,60.555
139,16.0,59.14
139,16.7,60.19
139,16.8,60.54
139,16.9,60.36
139,17.0,58.525000000000006
139,17.2,61.205
139,17.3,59.165
143,13.1,73.22
143,13.2,71.675
143,13.8,69.96
143,13.9,69.02
143,14.2,67.06
143,14.3,69.61
143,14.9,64.64
143,15.0,64.39
143,15.2,67.375
143,15.3,63.87
143,15.9,64.29499999999999
143,16.0,62.41
143,16.2,62.675
143,16.8,64.205
143,17.0,64.38
143,17.2,65.03999999999999
143,17.3,64.42
149,14.8,60.075
149,15.7,59.33
149,15.9,60.03
149,16.1,60.36
149,16.2,57.445
149,16.6,58.375
149,16.8,59.335
149,16.9,57.6
149,17.0,57.21
149,17.1,59.769999999999996
149,17.2,57.285
149,17.6,57.65
149,17.7,59.065
149,17.9,57.385000000000005
149,18.0,57.805
149,18.1,60.254999999999995
149,18.7,57.925
149,18.8,57.89
149,18.9,57.82
149,19.0,57.489999999999995
149,19.1,57.19
149,19.8,58.230000000000004
149,20.0,57.185
153,13.9,67.46
153,14.0,67.29
153,14.1,65.92
153,14.2,65.2
153,14.3,63.260000000000005
153,14.4,64.03
153,14.7,64.86
153,14.9,63.480000000000004
153,15.0,63.43
153,15.1,63.325
153,15.2,62.89
153,15.3,64.96
153,15.4,63.24
156,12.6,63.84
156,13.1,63.855000000000004
156,13.2,64.215
156,13.3,64.21
156,13.4,63.465
156,13.6,62.22
156,13.7,61.84
156,14.2,62.66
156,14.3,63.195
156,14.4,61.77
156,14.5,61.4
156,14.6,61.475
156,14.7,61.69
156,15.2,60.22
156,15.3,60.025
156,15.4,59.45
156,15.6,59.760000000000005
156,15.7,58.805
156,16.1,60.144999999999996
156,16.2,59.5
156,16.3,59.58
156,16.4,58.98
156,16.6,59.255
158,12.2,73.23
158,13.2,68.61
158,13.9,68.13
158,14.0,68.13
158,14.1,67.02
158,14.2,65.7
158,14.8,64.91
158,14.9,64.34
158,15.0,65.48
158,15.2,64.74
158,15.8,66.1
158,16.0,64.12
158,16.2,63.68
158,17.0,63.23
158,17.2,64.38
163,13.5,70.01
163,13.6,68.38
163,13.8,64.93
163,13.9,66.545
163,14.6,64.58
163,14.8,64.18
163,14.9,63.91
163,15.5,62.78
163,15.6,61.605000000000004
163,15.7,64.07
163,15.8,62.815
163,15.9,61.7
163,16.5,60.685
163,16.6,60.94
163,16.7,61.1
163,16.8,62.075
163,16.9,60.465
163,17.4,61.45
164,16.6,67.355
164,16.9,66.59
164,17.0,64.57
164,17.1,61.95
164,17.5,63.84
164,17.6,63.54
164,17.7,63.46
164,17.8,63.51
164,18.0,61.77
164,18.7,62.8
164,18.8,61.83
164,19.0,61.555
164,19.5,62.23
164,19.6,61.105000000000004
164,19.7,60.769999999999996
164,19.9,60.629999999999995
164,20.0,60.21
166,12.0,72.29
166,13.1,67.89
166,13.7,65.7
166,14.0,65.1
166,14.1,65.93
166,14.8,63.34
166,15.0,61.81
166,15.7,61.135000000000005
166,15.8,60.96
166,16.0,59.905
166,16.1,60.715
166,16.9,59.56
166,17.0,60.31
166,17.1,60.7
166,17.2,59.73
166,17.6,60.22
166,17.9,58.94
166,18.2,59.77
169,13.8,66.68
169,13.9,67.65
169,14.6,65.37
169,14.7,65.18
169,14.9,64.535
169,15.5,65.16
169,15.6,68.75
169,15.8,64.87
169,16.0,65.28
169,16.3,63.08
169,16.6,63.33
169,16.8,63.34
169,16.9,63.835
169,17.6,64.72
169,17.8,63.875
169,17.9,65.6
169,18.5,65.39
169,18.6,65.5
169,18.8,65.23
170,12.5,76.1
170,13.5,68.30000000000001
170,14.0,73.03
170,14.1,72.88
170,14.2,69.88
170,14.5,67.81
170,15.0,70.02
170,15.1,70.87
170,15.2,68.13
170,15.4,67.84
170,15.5,68.63
170,16.0,70.97
170,16.1,70.26
170,16.2,71.18
178,12.0,75.65
178,13.0,73.67
178,13.7,70.005
178,13.8,69.285
178,14.1,71
178,14.7,70.865
178,14.8,69.61
178,14.9,70.395
178,15.7,67.245
178,15.8,67.16
178,16.0,67.37
178,16.1,67.525
178,16.7,68.99
178,16.9,69.205
178,17.0,67.99
178,17.7,68.67
178,17.8,68.95
178,17.9,68.41499999999999
181,12.2,76.26
181,13.2,70.45
181,13.8,66.61
181,14.1,65.32
181,14.2,66.45
181,14.6,66.86
181,14.8,64.33500000000001
181,14.9,63.46
181,15.2,64.35
181,15.8,64.935
181,15.9,63.715
181,16.8,64.19
181,16.9,63.97
181,17.1,62.095
181,17.2,61.89
181,17.8,62.675
181,17.9,62.44
181,18.1,62.01
181,18.8,62.775
181,18.9,61.875
181,19.1,61.269999999999996
181,19.9,61.855000000000004
186,12.8,68.97
186,12.9,68.305
186,13.2,66.64
186,13.8,69.295
186,14.0,71.11
186,14.2,66.17
186,14.8,66.47
186,14.9,67.97
186,15.1,64.25
186,15.2,65.565
186,15.8,66.75
186,15.9,67.54
186,16.1,66.32
186,16.2,65.975
186,17.1,64.975
186,18.2,64.89
189,13.8,65.42500000000001
189,13.9,65.14
189,14.0,65.85
189,14.5,65.625
189,14.6,64
189,14.9,65.13
189,15.0,64.36
189,15.5,65.12
189,15.8,63.18
189,15.9,65.05
189,16.0,64.04
189,16.3,63.69
189,16.4,63.959999999999994
189,16.6,64.495
189,16.9,62.504999999999995
189,17.0,62.47
189,17.4,63.05
189,17.5,63.01
189,17.6,63.35
189,17.7,61.57
189,17.8,63.245000000000005
189,17.9,62.86
189,18.5,65.03
189,18.6,65.55
190,11.5,69.35
190,12.5,66.1
190,12.6,67.72
190,13.1,66.00999999999999
190,13.2,65.085
190,13.3,65.01
190,13.5,64.91499999999999
190,13.6,65.32
190,14.1,63.695
190,14.2,64.1
190,14.5,63.43
190,14.6,65.55
190,14.7,64.58
190,15.2,64.35
190,15.3,64.39
190,15.4,63.99
190,15.6,65.03999999999999
190,15.7,63.58
190,16.2,64.58500000000001
190,16.3,64.54
190,16.5,65.12
190,16.6,65.98
190,17.2,65.65
190,17.3,65.86
190,17.6,67.16
190,18.2,64.975
190,18.3,65.525
190,18.4,65.01
190,18.6,66.485
195,12.3,75.58
195,13.2,73.38
195,13.3,71.7
195,14.0,66.73
195,14.1,65.84
195,14.2,67.12
195,14.3,65.36
195,14.4,68.31
195,14.9,67.06
195,15.0,67.55
195,15.1,63.349999999999994
195,15.2,64.24
195,15.3,67.06
195,15.4,64.74
196,13.5,74.59
196,13.6,70.95
196,13.9,67.52000000000001
196,14.6,64.76
196,14.8,63.05500000000001
196,14.9,64.02
196,15.5,63.615
196,15.8,64.67
196,15.9,63.18
196,16.0,62.3
196,16.6,61.155
196,16.8,64.07
196,16.9,61.97
196,17.0,61.36
196,17.6,62.06
196,17.8,63.44
196,17.9,62.07
201,13.2,72.4
201,13.9,69.12
201,14.2,66.72
201,14.8,65.75
201,14.9,65.15
201,15.2,65.42
201,15.8,66.56
201,16.2,66.505
201,16.8,69.28
201,16.9,64.12
201,17.1,64.78
201,17.2,69.3
203,13.9,62.864999999999995
203,14.1,64
203,14.2,62.34
203,14.7,62.61
203,14.8,62.08
203,14.9,63.3
203,15.0,62
203,15.1,63.305
203,15.2,61.349999999999994
203,15.6,63.07
203,15.7,63.24
203,15.8,63.64
203,16.1,63.38
203,17.1,61.91
203,17.7,61.730000000000004
203,17.8,62.2
204,13.7,70.28
204,13.9,68.96
204,14.0,68.445
204,14.5,68.97
204,14.7,68.225
204,15.0,66.25999999999999
204,15.6,65.18
204,15.8,67.8
204,16.0,66.39
204,16.6,66.12
204,16.7,66.16
204,17.0,66.21
204,17.1,67.42
204,17.7,65.92
210,10.2,84.93
210,10.8,75.09
210,11.2,74.71
210,12.3,69.17
210,13.2,67.22
210,14.0,64.485
210,14.1,64.32
210,14.3,62.7
210,14.9,63.92
210,15.1,64.13
210,15.3,63.67
210,16.0,62.93
210,17.2,62.155
211,11.5,93.94
211,12.5,82.65
211,14.1,69.86
211,14.5,69.74
211,15.2,64.1
211,15.3,65.96
211,15.5,61.44
211,15.6,61.05
211,16.3,60.65
211,16.5,60.709999999999994
211,16.6,59.834999999999994
211,17.2,60.05
211,17.4,59.675
211,17.5,59.6
211,17.6,59.49
213,14.5,74.13
213,15.1,69.86
213,15.4,69.84
213,16.0,68.64
213,16.1,67.88
213,16.2,68.67
213,16.3,68.195
213,16.4,69.92
213,17.0,68.97
213,17.2,67.89
213,17.4,68.84
213,18.2,69.22
213,19.1,69.33
215,13.3,67.52
215,13.8,66.77
215,14.4,64.92500000000001
215,15.0,63.685
215,15.4,62.099999999999994
215,16.0,60.965
215,16.1,60.2
215,16.2,59.92
215,16.3,59.98
215,16.4,59.73
215,16.8,61
215,16.9,60.41
215,17.0,60.025000000000006
215,17.1,60.88
215,17.2,59.37
215,17.4,61.625
215,18.0,60.61
215,18.1,59.935
215,18.2,59.1
215,18.3,59.155
215,18.4,60.495000000000005
215,19.1,61.05
215,19.2,60.41
215,19.3,63.97
222,13.0,71.97
222,13.1,68.52
222,14.8,66.26
222,15.1,66.08
222,15.2,65.11
222,15.8,65.16
222,15.9,65.1
222,16.0,64.91
222,16.1,66.445
222,16.8,65.41499999999999
222,17.1,65.835
222,17.8,64.66999999999999
222,18.1,65.28
222,18.2,67.44
226,11.4,92.61
226,11.8,84.53
226,12.5,78.85
226,12.6,73.58
226,13.5,75.12
226,13.7,73.74
226,14.5,65.8
226,14.6,70.46
226,14.8,66.46
226,15.0,64.465
226,15.5,67.5
226,15.7,64.72
226,15.8,62.75
226,15.9,63.67
226,16.0,63.295
226,16.4,64.62
232,10.9,76
232,11.9,69.79
232,12.8,67.285
232,12.9,68.02
232,13.0,67.1
232,13.6,66.43
232,14.0,64.815
232,14.7,63.86
232,14.8,62.715
232,15.0,63.725
232,15.1,63.84
232,15.5,63.56
232,15.6,63.93
232,15.8,63.545
232,15.9,63.825
232,16.0,64.31
232,16.1,65.29
234,12.4,64.22
234,13.5,63.23
234,14.1,61.364999999999995
234,14.2,60.805
234,14.5,61.06
234,15.0,60.91
234,15.1,59.29
234,15.3,59.51
234,15.4,59.730000000000004
234,15.5,58.73
234,15.9,60.125
234,16.0,59.72
234,16.1,60.35
234,16.2,59.445
234,16.3,58.55
234,16.4,59.66
234,16.5,60.08
234,16.6,59.375
234,17.1,59.565
234,17.2,59.64
234,17.3,57.175
234,17.4,57.695
234,17.5,59.665
234,18.1,59.71
234,18.2,60.39
234,18.3,60.03
234,18.5,60.525000000000006
234,19.0,59.535
234,19.2,59.230000000000004
234,19.3,60.02
236,13.2,77.27
236,13.9,73.52
236,14.1,72.85
236,14.2,74.18
236,14.9,71.15
236,15.1,67.72
236,15.2,67.22
236,15.3,70.94
236,15.9,71.27
236,16.0,68.69
236,16.2,67.285
236,16.3,67.16
236,17.0,71.39
236,17.3,67.33
239,14.1,67.57
239,14.3,67.41
239,14.5,66.99
239,15.0,66.91
239,15.5,65.59
239,16.1,64.125
239,16.2,63.61
239,16.3,63.03
239,16.5,63.519999999999996
239,16.6,62.16
239,17.1,64.22
239,17.2,67.05
239,17.4,64.78
239,17.5,64.25999999999999
239,18.5,69.21
240,13.8,64.04
240,14.9,62.425
240,15.3,64.38
240,15.5,64.23
240,15.8,61.99
240,15.9,63.45
240,16.0,61.004999999999995
240,16.4,62.51
240,16.5,61.885000000000005
240,16.6,61.835
240,16.8,60.8
240,16.9,63.239999999999995
240,17.0,61.15
240,17.9,60.6
240,18.0,59.446666666666665
240,18.4,65.48
240,18.5,62.52
240,18.7,61.2
240,18.8,59.945
240,19.6,65.3
240,19.7,63.47
240,19.8,61.56
240,19.9,63.83
247,14.6,60.81
247,15.5,60.67
247,15.7,62.14
247,16.6,60.35
247,16.8,60.94
247,17.2,59.85
247,17.3,58.855000000000004
247,17.5,59.855000000000004
247,17.6,58.875
247,17.8,59.92
247,17.9,59.303333333333335
247,18.4,60.08
247,18.5,59.745000000000005
247,18.6,58.315
247,18.8,60.02
247,19.4,59.565
247,19.5,59.675
247,19.6,58.47
277,15.3,62.765
277,16.0,61.78
277,16.1,61.53
277,16.2,61.12
277,16.3,60.835
277,16.9,61.525
277,17.0,61.78
277,17.1,61.02
277,17.2,62.68
277,17.3,61.065
277,17.7,61.21
277,17.9,62
277,18.0,61.71
277,18.1,60.96
277,18.7,61.6
277,18.8,62.26
277,19.0,62.78
277,19.2,63.54
277,19.8,62.58
282,14.6,65.76
282,14.7,64.68
282,14.8,64.71000000000001
282,15.2,63.25
282,15.5,63.31999999999999
282,15.7,62.62
282,15.8,63.010000000000005
282,16.2,62.47
282,16.5,62.325
282,16.8,62.43
282,17.2,64.6
282,17.8,64.62
283,11.9,69.96
283,12.1,67.62
283,13.0,66.77
283,13.1,66
283,13.7,64.52000000000001
283,13.8,63.57
283,14.5,64
283,14.7,61.68
283,14.8,60.77
283,14.9,61.44
283,15.1,61.865
283,15.7,64.21
283,15.8,60.900000000000006
283,15.9,60.63
283,16.7,60.79
283,16.9,60.22
283,17.0,60.53
283,17.1,63.19
283,17.8,60.545
283,18.1,60.7
283,18.8,61.46
283,18.9,61.44
283,19.1,61.56
283,19.2,61.185
285,13.6,68.5
285,13.8,71.62
285,14.0,71.48
285,14.6,67.77
285,14.7,67.64
285,14.8,68.6
285,14.9,67.03
285,15.0,67.16
285,15.7,65.175
285,15.8,65.31
285,16.0,65.15
285,16.1,65.4
285,16.6,64.86500000000001
285,16.7,68.25
285,17.0,67.43
285,17.1,69.09
285,17.8,67.57
287,13.1,70.22
287,14.1,70.89
287,14.2,69.99000000000001
287,14.8,67.03
287,14.9,65.85
287,15.1,65.36500000000001
287,15.2,65.55
287,15.8,64.56
287,15.9,65.5
287,16.1,64.29
287,16.2,64.55
287,16.8,65.39
287,16.9,64.16
300,10.9,88.47
300,12.0,75.54
300,13.7,65.85
300,13.8,64.52
300,14.0,63.87
300,14.2,65.15
300,14.7,65.92
300,14.8,63.91
300,15.0,64.02
300,15.1,64.185
300,15.8,65.1
300,16.0,65.50999999999999
300,16.8,67.1
300,16.9,70.57
304,13.1,76.74
304,13.7,72.42
304,13.8,71.05
304,14.7,71.49
304,15.1,67.33
304,15.7,66.17
304,15.8,65.67
304,16.0,65.66
304,16.1,70.24
304,16.7,66.845
304,16.8,65.155
304,17.0,65.49000000000001
304,18.0,66.16
304,18.8,66.69
307,16.0,63.44
307,17.0,61.47
307,17.2,61.85
307,17.5,61.855
307,17.7,61.629999999999995
307,17.8,60.875
307,17.9,60.504999999999995
307,18.1,60.65
307,18.2,60.260000000000005
307,18.6,61.64
307,18.7,61.56
307,18.9,60.63
307,19.1,59.62
307,19.2,59.89333333333334
311,12.8,70.13
311,12.9,69.01
311,13.9,68.33
311,14.5,66.14
311,14.6,64.85499999999999
311,14.8,64.295
311,14.9,64.42500000000001
311,15.0,63.83
311,15.6,63.445
311,15.9,64.19
311,16.0,63.74
311,16.5,63.33
311,16.7,63.5
311,17.0,63.19
311,17.5,64.4
311,17.6,64.27
311,17.7,64.53
311,17.8,65.27
311,18.3,63.31
311,18.5,64.95
311,18.6,63.49
311,18.7,63.87
311,18.8,63.78
311,19.5,63.81
311,19.6,64.315
311,19.7,62.985
314,13.8,67.99
314,13.9,69.65
314,14.6,68.505
314,14.7,65.29
314,14.8,66.68
314,15.6,64.95
314,16.5,64.5
314,16.6,64.12
314,17.8,68.22
314,17.9,65.04
314,18.5,67.34
314,18.6,65.26
314,18.8,66.13
314,18.9,70.2
315,12.2,79.06
315,12.3,78.39
315,13.3,76.5
315,14.3,73.92
315,14.9,75.98
315,15.0,77.95
315,15.1,71.27
315,15.2,75.6
315,15.3,72.41
315,15.9,74.25
315,16.0,75.89
315,16.1,72.4
315,16.2,72.49
315,16.3,71.45
320,12.1,69.91
320,13.9,66.87
320,15.1,64.57
320,15.2,67.43
320,15.6,64.07
320,15.8,65.27
320,16.6,62.71
320,16.8,61.175
320,16.9,60.36
320,17.0,59.78
320,17.1,60.89
320,17.2,60.095
320,18.0,60.06
320,18.1,61.48
320,18.2,59.6
320,18.3,59.760000000000005
320,18.8,60.72
320,19.1,62.7
320,19.2,60.72
320,19.8,61.25
320,19.9,60.035
321,13.1,66.27000000000001
321,14.0,64.6
321,14.1,64.32
321,14.3,65
321,14.4,64.46
321,15.0,65.34
321,15.1,64.17
321,15.4,61.84
321,16.0,61.975
321,16.2,61.38
321,16.4,63.49
321,16.5,61.31
321,17.0,61.64
321,17.1,61.72
321,17.2,59.32
321,17.3,61.39
321,17.5,59.55
321,18.1,60.724999999999994
321,18.2,58.315
321,18.4,59.93
321,19.1,59.2
321,19.2,58.545
330,14.5,66
330,14.9,68
330,15.5,68.4
330,16.0,65.375
330,16.1,65.595
330,16.2,63.099999999999994
330,16.3,63.35
330,16.5,64.08
330,16.6,62.71
330,17.1,62.94
330,17.2,63.54
330,18.0,64.59
330,18.1,65.16
330,18.2,64.22
330,18.5,62.67
330,19.1,64.96
337,11.8,70.58
337,11.9,71.14
337,12.9,68.555
337,13.5,68.85
337,13.6,65.67
337,13.7,62.974999999999994
337,13.9,66.185
337,14.0,63.92
337,14.5,68.78
337,14.6,70.67
337,14.7,65.07
337,14.9,68.31
337,15.0,64.735
337,15.5,68.42
337,15.6,63.685
337,15.7,62.89
337,15.8,69.31
337,15.9,66.71
343,13.2,71.28
343,13.7,67.82
343,13.8,67.56
343,14.1,64.855
343,14.2,66.31
343,14.9,64.78
343,15.0,64.84
343,15.2,62.04
343,15.7,64.11
343,15.8,64.83
343,15.9,66.83
343,16.0,62.42
343,16.2,65.245
343,16.3,64.65
346,11.6,80.36
346,11.8,84.1
346,12.6,79.42
346,13.5,82.02
346,13.6,79.81
346,13.8,78.93
346,13.9,79.1
346,14.5,79.13
346,14.8,77.68
346,15.5,79.71
346,15.7,78.06
346,15.8,78.75
346,16.6,80.68
346,16.7,77.33
346,17.5,80.19
346,17.6,79.46
351,12.8,74.24
351,13.5,66.9
351,13.6,67.745
351,13.7,66.64
351,13.8,65.4
351,13.9,66.51
351,14.0,65.17
351,14.6,63.325
351,14.9,64.795
351,15.0,62.97
351,15.6,60.755
351,15.9,60.985
351,16.0,60.14
352,10.7,79.77
352,11.7,72.67500000000001
352,13.4,66.64
352,13.5,66.02
352,13.6,65.405
352,13.7,64.62
352,14.4,64.66
352,14.5,64.10499999999999
352,14.7,65.66499999999999
352,14.8,63.99
352,15.3,63.255
352,15.4,63.45
352,15.7,63.575
352,15.8,61.730000000000004
353,13.2,68.26
353,13.3,67.02
353,13.4,67.84
353,13.5,68.13
353,13.6,65.09
353,14.2,63.51
353,14.4,65.56
353,14.6,65.31
353,14.7,67.84
353,15.3,66.24
353,15.4,65.64
353,15.5,67.64
353,15.6,65.91
353,15.7,66.18
354,10.5,96.22
354,10.6,93.15
354,10.7,96.62
354,11.6,79
354,13.3,70.57
354,13.4,67.55
354,13.6,67.78
354,13.7,68.23
354,14.3,65.295
354,14.4,64.72999999999999
354,14.7,62.905
354,14.8,62.98
354,15.3,63.21
354,15.4,63.52
354,15.7,62.385000000000005
358,15.1,71.26
358,15.3,69.21
358,15.4,66.3
358,16.0,66.95
358,16.1,65.12
358,16.3,65.06
358,16.4,66.49
358,17.0,66.39
358,17.1,64.56
358,17.3,64.41499999999999
358,17.4,64.17
358,17.9,63.845
358,18.1,63.51
358,18.2,65.7
358,18.3,64.56
358,19.0,64.12
358,19.1,63.34
363,13.7,68.54
363,14.6,64.27
363,14.7,65.06
363,14.8,64.91
363,15.1,66.15
363,15.3,65.63
363,15.6,66.45
363,15.7,68.79
363,15.8,65.29
363,16.1,67.14
363,16.3,63.815
363,16.4,64.26
363,16.5,64.34
363,16.7,69.25
363,17.4,65.81
363,17.7,66.925
363,18.3,69.005
363,18.4,66.3
363,18.5,66.87
363,18.6,66.73
364,12.2,73.98
364,13.2,71.195
364,13.3,68.4
364,13.4,68.48
364,14.0,67.16
364,14.3,65.88
364,14.4,66.23
364,15.0,67.3
364,15.1,65.04
364,15.3,64.52000000000001
364,15.4,64.64
364,16.0,63.325
364,16.1,62.55
364,16.2,63.995
364,16.3,64.345
364,16.4,63.06
364,17.1,63.6
364,17.4,63.27
364,18.1,62.47
364,18.3,63.625
364,18.4,61.53
366,13.4,71.79
366,14.0,68.29
366,14.1,66.58
366,14.2,66.71
366,14.4,66.7
366,15.1,66.02
366,15.2,66.34
366,15.3,65.94
366,15.4,65.71
366,15.8,66.46
366,16.0,66.34
366,16.2,68.52
366,16.4,65.83
367,13.0,75.88
367,13.8,71.3
367,14.0,69.45
367,14.5,68.01
367,14.6,67.98
367,14.8,69.11
367,15.0,67.93
367,15.9,67.92
367,16.0,66
367,16.7,67.37
367,16.8,65.015
367,17.0,64.46
367,17.7,65.8
367,17.9,66.49
367,18.0,65.25
367,18.4,66.71
367,18.6,65.85
367,18.7,66.75
367,19.0,65.79
367,19.6,67.17
367,19.9,66.01
375,12.5,75.36
375,13.4,71.47
375,13.5,69.19
375,13.6,68.86
375,13.7,73.44
375,14.3,68.65
375,14.4,68.17
375,14.6,68.88
375,14.7,68.7
375,15.3,68.98
375,15.6,67.41499999999999
375,15.7,67.96
375,16.3,65.315
375,16.4,64.07499999999999
375,16.6,65.32
375,16.7,66.14
375,17.4,64.43
375,17.7,65.18
376,13.3,73.19
376,14.3,69.84
376,14.8,72.19
376,15.0,71.15
376,15.2,67.9
376,15.3,66.495
376,16.3,65.89
376,16.4,66.65
376,17.4,64.82
376,17.9,65.33
376,18.0,65.505
376,18.1,64.85
376,18.3,65.03
376,18.4,65.35499999999999
376,18.8,66.55
376,18.9,66.64
376,19.0,66.96
376,19.1,66.3
378,14.4,70.18
378,14.7,71.5
378,15.3,70.19
378,15.7,67.85
378,16.4,71.565
378,16.5,67.21
378,16.7,66.95
378,17.4,66.05
378,17.7,65.005
378,17.8,66.04499999999999
378,18.5,63.745000000000005
378,18.7,64.94
378,18.8,64.22
379,13.2,62.12
379,13.9,60.37
379,14.0,60.005
379,14.1,60.07
379,14.2,59.095
379,14.3,57.935
379,14.4,57.63
379,15.0,59.92
379,15.1,58.41
379,15.2,57.015
379,15.3,60.87
379,15.4,58.31
379,16.0,55.879999999999995
379,16.1,55.56
379,16.2,56.465
379,16.3,55.92
379,16.4,55.685
379,16.9,56.379999999999995
379,17.0,56.265
379,17.1,55.83
379,17.3,55.504999999999995
379,17.4,55.805
379,17.5,55.12
379,18.0,55.965
379,18.1,56.83
379,18.2,54.855000000000004
379,18.3,55.480000000000004
379,18.4,55.09
379,18.5,55.15
379,19.0,55.870000000000005
379,19.1,56.015
379,19.2,55.28
379,19.3,55.16
379,19.4,55.2
379,19.5,54.845
379,20.0,55.150000000000006
382,14.4,66.09
382,15.0,66.6
382,15.1,66.61
382,15.4,65.11
382,16.0,63.85
382,16.1,63.73
382,16.2,64.03999999999999
382,16.3,64.95
382,16.4,64.67999999999999
382,17.0,66.63
382,17.1,68.59
382,17.2,64.31
382,17.4,64.46
382,18.3,63.56
382,18.4,67.32
385,13.3,74.02
385,13.6,73.77
385,13.8,71.3
385,14.3,71.69
385,14.4,71.44
385,14.5,74.18
385,14.6,72.43
385,14.8,70.16
385,15.3,73.02
385,15.4,73.03
385,15.5,74.36
385,15.6,71.35
385,15.8,71.17
385,16.3,71.22
385,16.4,72.03
385,16.5,71.17
385,16.8,71.47
385,17.3,69.44
385,17.4,68.04
385,17.5,68.45
385,17.8,68.885
385,18.3,72.63
385,19.3,76.54
386,12.2,76.69
386,12.3,71.11
386,12.4,68.62
386,13.1,72.91
386,13.4,69.02
386,13.9,69.81
386,14.1,67.69
386,14.3,67.735
386,15.0,63.81
386,15.1,63.95
386,15.2,64.03
386,15.3,64.24
386,15.4,64.1
386,15.5,63.36
386,16.0,63.41
386,16.1,63.8
386,16.2,62.04
386,16.3,62.15
386,16.4,62.285
386,16.5,61.59
386,16.9,66.12
386,17.0,62.99
386,17.1,63.02
386,17.2,61.54
388,12.4,67.88
388,13.4,66.13
388,14.4,65.25
388,14.5,63.83
388,15.1,64.045
388,15.2,63.055
388,15.3,64.675
388,15.5,62.36
388,16.0,62.66
388,16.1,62.29
388,16.2,62.27
388,16.6,62.6
388,16.9,63.72
388,17.0,63.02
388,17.1,62.09
388,17.2,62.13
388,17.4,63.35
388,17.5,65.64
388,17.6,62.79
388,17.9,65.41
388,18.0,64.28
388,18.1,64.5
388,18.2,64.12
388,18.4,65.28
388,19.1,64.51
388,19.2,61.66
388,19.3,62.42
388,19.4,66.37
388,19.5,66.55
397,13.0,75.18
397,13.7,68.26
397,13.8,67.5
397,14.0,69.5
397,14.1,67.57
397,14.7,66.14
397,14.8,65.385
397,15.1,63.94500000000001
397,15.7,65.25
397,15.8,63.92
397,16.0,64.93
397,16.7,64.36
397,16.8,64.75
397,17.1,64.33
401,11.5,72.265
401,11.8,75.22
401,11.9,72.41
401,12.8,72.88
401,12.9,70.04
401,13.5,67.17
401,13.6,66.03
401,13.8,66.615
401,13.9,65.5
401,14.5,66.57
401,14.6,65.06
401,14.8,65.87
401,14.9,66.74
401,15.6,64.21
401,15.9,65.50999999999999
404,11.2,73.93
404,13.8,64.5
404,13.9,64.97
404,14.0,63.459999999999994
404,14.2,63.745
404,14.3,65.05
404,14.8,64.05
404,14.9,63.51
404,15.0,62.915
404,15.2,64.11
404,15.3,64.05499999999999
405,14.1,66.10499999999999
405,14.2,65.995
405,14.9,63.905
405,15.0,64.27
405,15.2,63.19
405,15.3,62.900000000000006
405,15.9,62.74
405,16.0,62.16
405,16.2,62.32
405,16.3,61.7
405,16.8,62.495
405,16.9,62.375
405,17.0,61.67
405,17.1,61.78
405,17.2,61.32
405,17.3,61.99
405,17.9,62.315
405,18.0,62.67
405,18.9,62.95
416,13.3,70.04
416,14.0,69.43
416,14.2,68.66
416,14.3,66.62
416,15.1,64.45
416,15.2,63.98
416,15.3,67.47
416,15.8,64.7
416,16.1,64.4
416,16.4,64.67
416,16.9,63.8
416,17.1,63.51
416,17.4,66.14
416,17.9,64.69
416,18.4,63.57
418,13.8,68.55
418,14.0,66.3
418,14.1,66.3
418,14.4,66.3
418,14.6,65.33
418,14.7,64.055
418,14.8,64.74
418,14.9,63.22
418,15.0,62.900000000000006
418,15.1,61.71
418,15.3,64.87
418,15.6,63.69
418,15.7,63.59
418,15.8,62.97
418,16.0,62.97
418,16.1,62.33
418,16.5,62.63
418,16.6,62.085
418,16.7,62.41
418,16.9,62.724999999999994
418,17.0,62.14
418,17.6,62.655
418,17.7,62.92
430,11.7,72.26
430,11.9,70.62
430,12.0,70.62
430,13.6,65.57
430,13.7,64.12
430,13.9,64.58500000000001
430,14.0,65.07
430,14.6,64.36
430,14.7,64.85
430,14.9,65.31
430,15.6,67.55
430,15.7,66
432,11.4,78.39
432,12.3,71.74
432,12.8,69.52
432,13.3,68.95
432,13.4,65.81
432,13.5,68.4
432,13.6,66.46
432,14.3,66.98
432,14.4,66.53
432,14.5,66.49
432,14.6,67.41
432,14.8,65.86
432,15.3,68.63
432,15.7,67.77
432,15.8,65.34
432,16.4,65.05
432,16.5,66.29
432,16.8,66.67
432,17.3,70.24
432,17.4,67.95
432,17.5,66.91
435,14.8,64.37
435,15.2,65.3
435,15.5,63.665
435,15.8,65.74
435,16.3,63.29
435,16.4,64.17
435,16.5,63.144999999999996
435,16.8,66.04
435,17.4,62.89
435,17.5,61.504999999999995
435,17.8,61.28
435,17.9,60.52
435,18.3,61.74
435,18.4,61.129999999999995
435,18.5,61.02
435,18.7,60.36
435,18.9,61.03
435,19.4,61.93
435,19.5,61.82
435,19.6,62.53
435,19.7,60.47
435,19.8,61.44
436,13.8,74.95
436,14.0,70.97
436,14.9,69.47
436,15.0,69.07
436,15.9,70.39
436,16.6,65.28
436,16.7,64.67
436,16.8,67.18
436,16.9,64.43
436,17.0,65.005
436,17.7,65.735
436,17.9,65.51
436,18.0,67.11
436,18.6,64.07
436,18.7,63.675
436,18.9,64.415
436,19.5,63.5
436,19.6,62.715
436,19.9,63.62
440,11.9,85.44
440,12.2,79.28
440,12.9,76.98
440,13.1,74.57
440,13.2,74.9
440,13.4,76.7
440,14.0,74.96
440,14.1,73.2
440,14.2,73.89
440,14.4,76.26
440,14.9,72.81
440,15.0,76.07
440,15.4,76.26
440,16.1,74.43
440,16.9,73.18
440,18.0,70.25
440,18.4,72.67
446,12.7,81.64
446,13.4,74.91
446,13.5,73.74
446,14.3,71.61
446,14.4,70.23
446,14.5,69.66
446,14.7,67.515
446,15.4,68.2
446,15.5,67.88
446,15.7,67.39
446,16.4,67.82
446,16.5,69.04
446,16.6,67.19
446,16.7,67.25
453,12.2,64.3
453,13.3,64.725
453,13.9,65.41499999999999
453,14.0,65.42
453,14.1,64.055
453,14.3,64.795
453,14.9,62.655
453,15.0,61.935
453,15.1,62.73
453,15.3,62.75
453,15.4,61.510000000000005
453,15.7,61.85
453,15.9,62.07
453,16.0,62.03
453,16.1,62.73
453,16.2,62.69
453,16.3,63.905
467,12.2,70.44
467,13.3,66.7
467,13.9,63.68
467,14.3,63.975
467,14.8,64.32
467,15.0,64.67
467,15.1,65.9
467,15.3,65.025
467,15.7,64.525
467,15.8,64.245
467,16.0,64.27
467,16.1,65.35
467,16.3,65.51
467,17.0,64.295
467,17.2,64.83000000000001
467,17.3,67.09
467,17.9,67.79
467,18.9,68.95
471,12.2,66.41
471,12.3,67.11
471,12.7,68.4
471,13.2,64.71
471,14.0,65.5
471,14.2,65.05
471,14.3,64.63
471,15.0,75.92
471,15.1,69.41
471,15.2,67.53999999999999
471,16.0,66.245
471,16.1,66.03
471,16.2,66.86500000000001
471,16.3,66.82
471,16.9,66.88
471,17.0,65.845
471,17.1,66.52
471,17.2,66.08500000000001
473,12.5,72.86
473,12.6,72.23
473,12.7,71.32
473,12.8,71.44
473,12.9,71.11
473,13.5,69.71
473,13.6,68.7
473,13.9,66.605
473,14.5,68.39
473,14.6,67.5
473,14.8,64.75
473,14.9,65.33
473,15.0,65.74
473,15.5,64.63
473,15.6,67.29
473,15.8,66.38
473,15.9,68.205
473,16.5,68.46
473,16.6,67.86
473,16.7,68.92
473,16.9,70.045
481,12.8,67.83500000000001
481,13.2,69.1
481,13.8,66.85
481,13.9,66.34
481,14.2,66.78
481,14.9,64.33
481,15.0,62.915
481,15.1,64.825
481,15.2,64.6
481,15.8,66.945
481,15.9,66.52000000000001
481,16.1,66.66
481,16.8,68.2
481,16.9,62.83
481,17.0,63.08
481,17.3,68.84
486,12.4,75.07
486,13.4,68.92
486,14.0,68.16
486,14.1,66.38
486,14.3,64.89
486,14.4,65.7
486,14.5,64.4
486,14.8,65.205
486,15.0,64.68
486,15.1,63.96
486,15.2,65.12
486,15.5,63.13
486,15.7,64.74
486,16.0,63.870000000000005
486,16.1,62.875
486,16.2,63.31
486,16.4,62.07
486,16.7,63.22
486,17.0,63.875
486,17.1,62.41
486,17.2,62.41
486,17.3,63.15
486,17.4,61.43
486,17.5,63.24
486,18.0,62.34
486,18.1,62.3
486,19.0,65.04
488,13.1,67.515
488,13.8,65.47
488,14.1,65.28
488,14.2,63.260000000000005
488,14.7,64.305
488,14.8,64.24000000000001
488,14.9,63.85
488,15.1,63.515
488,15.2,62.445
488,15.8,63.91
488,15.9,64.03
491,13.3,71.97
491,14.2,65.52
491,14.3,68.13
491,14.4,69.27
491,15.0,67.15
491,15.1,68.41
491,15.2,64.75
491,15.3,64.36500000000001
491,15.4,64.26
491,16.0,64.43
491,16.1,65.03
491,16.3,64.77
491,16.4,66.42
491,17.0,65.06
491,17.1,64.26
491,17.2,64.48
491,17.3,64.84
491,17.4,64.68
494,13.1,72.7
494,13.4,72.79
494,13.5,71.99
494,14.1,70.02
494,14.2,72.07
494,14.5,67.965
494,15.1,67.79
494,15.2,67.53
494,15.4,66.41
494,16.1,68.08
494,16.2,67.17
494,16.4,67.05
494,16.5,66.435
494,17.2,71.6
499,12.0,67.06
499,12.5,66.81
499,13.0,65.78
499,13.1,63.295
499,13.2,62.06
499,13.4,62.730000000000004
499,13.6,61.29
499,14.1,61.41
499,14.2,60.66
499,14.3,59.89
499,14.6,59.705
499,15.1,60.095
499,15.2,59.91
499,15.3,59.68
499,15.5,60.23
499,16.1,60.21
499,16.2,59.37
499,16.3,59.4
499,16.5,60.01
499,16.6,58.89
499,17.1,58.51
499,17.2,59.96
499,17.3,58.08
499,17.5,59.14
499,17.6,58.305
499,18.1,59.685
499,18.2,59.07
499,18.3,58.55
499,18.5,59.125
499,18.6,58.64
500,14.8,70.36
500,15.7,68.03
500,16.6,66.69
500,16.7,65.545
500,16.8,66.29
500,17.4,63.91
500,17.5,64.255
500,17.7,63.875
500,17.8,65.48
500,18.2,64.34
500,18.4,64.07
500,18.5,63.82
500,18.6,64.9
500,18.8,64.84
501,12.9,72.87
501,13.8,66.89
501,13.9,65.45
501,14.0,66.21
501,14.5,65.43
501,14.6,64.065
501,14.8,64.97
501,14.9,65.24
501,15.0,64.43
501,15.5,65.08500000000001
501,15.8,63.864999999999995
501,15.9,63.394999999999996
501,16.0,63.78
501,16.3,64.55
501,16.6,62.63
501,16.7,62.45
501,16.8,62.94
501,16.9,64.12
501,17.5,63.935
501,17.6,63.69
501,17.7,65.82
501,17.9,65.545
505,12.2,73.14
505,13.2,71.14
505,13.3,70.49000000000001
505,13.9,68.9
505,14.0,66.32
505,14.1,70.32
505,14.2,66.91
505,14.3,66.43
505,14.8,68.17
505,14.9,68.18
505,15.0,68.76
505,15.2,68.78
505,15.3,68.29
508,12.4,82.7
508,14.1,68.02
508,14.3,69.47
508,15.0,68.52
508,15.1,66.82
508,15.3,67.36
508,16.0,68.49
508,16.1,67.97
508,17.0,67.25
508,17.4,67.17
508,18.0,66.93
508,19.3,69.17
511,13.8,68.57
511,13.9,68.31
511,14.5,66.005
511,14.6,65.58500000000001
511,14.8,64
511,14.9,64.37
511,15.4,64.53
511,15.5,64.97999999999999
511,15.6,64.7
511,15.8,64.015
511,16.5,63.39
511,16.8,66.23
511,17.5,64.08
511,17.7,63.51
516,12.6,72.36
516,13.7,68.215
516,13.8,70.26
516,14.5,67.85
516,14.7,65.745
516,14.8,65.905
516,15.4,68.06
516,15.5,67.34
516,15.6,67.23
516,15.7,66.84
516,15.8,65.42
516,16.5,66.79
516,16.8,69.28
517,10.1,85.21
517,11.1,76.74
517,11.2,78.72
517,12.1,69.4
517,12.2,71.52
517,13.1,68.78
517,13.2,64.91
517,13.8,65.815
517,13.9,65.69
517,14.2,65.3
517,14.3,64.56
517,14.7,64.48
517,17.2,62.58
518,11.4,80.26
518,11.7,76.14
518,12.0,76.46
518,12.4,70.92
518,13.7,64.51
518,13.8,66.06
518,13.9,65.52000000000001
518,14.6,65.13
518,14.7,63.35
518,14.8,63.08
518,14.9,62.81
518,15.4,62.4
518,15.7,62.61
518,15.8,63.27
518,15.9,62.495000000000005
520,12.4,73.99
520,14.1,62.185
520,14.2,61.7
520,14.3,62.675
520,14.4,61.480000000000004
520,14.9,61.7
520,15.0,60.985
520,15.1,61.254999999999995
520,15.2,60.06
520,15.3,60.19
520,15.4,59.68
520,15.9,60.5
520,16.0,60.17
520,16.1,60.1
520,16.2,59.6
520,16.4,58.985
520,16.9,60.425
520,17.0,59.16
520,17.1,59.769999999999996
520,17.2,59.38
520,17.3,57.2
520,17.4,58.73
520,18.0,59.215
520,18.1,59.52
520,18.3,60.7
523,13.2,67.89
523,13.3,67.86
523,13.5,67.67
523,13.6,67.62
523,14.0,67.345
523,14.2,67.43
523,14.3,65.68
523,14.6,64.69
523,15.2,64.06
523,15.3,63.64
523,15.6,63.08
523,16.2,64.81
523,16.3,62.995000000000005
523,16.5,63.27
523,16.6,64.14500000000001
523,17.2,63.71
523,17.5,64.18
523,17.6,64.96000000000001
545,11.7,67.7
545,12.8,64.8
545,13.3,64.965
545,13.6,64.19500000000001
545,13.8,64.04
545,14.4,63.075
545,14.6,62.38
545,14.8,62.39
545,15.2,61.73
545,15.4,61.26
545,15.5,60.400000000000006
545,15.6,59.34
545,15.7,61.51
545,15.8,59.099999999999994
545,16.3,59.790000000000006
545,16.4,60.325
545,16.5,61.71
545,16.6,59.71
545,16.7,59.7
545,16.8,59.61
545,17.2,60.65
545,17.4,60.565
545,17.5,58.17
545,17.6,58.4
545,17.7,58.97
545,18.2,60.42
545,18.5,59.985
545,18.6,60.48
545,19.4,61.745
548,12.1,72.97
548,13.1,73.16
548,13.2,68.75
548,13.3,67.73
548,13.9,65.8
548,14.0,64.81
548,14.1,63.47
548,14.3,63.644999999999996
548,14.4,63.49
548,15.0,65.31
548,15.1,63.495000000000005
548,15.3,63.09
548,15.4,63.55
548,16.0,63.85
548,16.1,62.485
548,16.3,62.44
548,16.4,61.72
548,16.9,63.34
548,17.0,62.1
548,17.1,63.84
548,17.4,61.85
553,13.2,70.06
553,13.3,71.12
553,14.1,68.32
553,14.3,68.87
553,15.0,66.25999999999999
553,15.2,64.78999999999999
553,15.3,63.855000000000004
553,15.4,63.01
553,15.8,64.28
553,16.0,63.315
553,16.2,62.29
553,16.3,63.43
553,16.4,62.6
553,16.9,62.76
553,17.0,62.39
553,17.1,62.49
553,17.2,61.82
553,17.3,63.084999999999994
553,17.4,61.43
558,10.3,80.43
558,11.2,76.095
558,12.2,71.24
558,12.3,76.06
558,13.3,69.265
558,13.9,69.11
558,14.0,65.805
558,14.1,66.39
558,14.3,66.61
558,15.0,65.14500000000001
558,15.1,65.83
558,15.3,64.33500000000001
558,15.4,66.48
558,16.0,64.09
558,16.1,63.04
558,16.3,62.515
558,16.4,61.730000000000004
561,14.1,73.07
561,14.2,70.89
561,14.8,69.79499999999999
561,14.9,69.08
561,15.1,69.005
561,15.2,69.86
561,15.7,68.7
561,15.8,68.08500000000001
561,15.9,67.74000000000001
561,16.1,68.565
561,16.7,67.28999999999999
561,16.8,66.96
561,16.9,68.26
561,17.2,67.78
561,18.1,67.35
561,19.8,68.64
561,20.0,70.285
565,13.7,65.055
565,13.8,66.83
565,13.9,64.65
565,14.0,66.79
565,14.6,64.65
565,14.8,62.75
565,14.9,63.385
565,15.0,63.07
565,15.5,64.615
565,15.6,63.295
565,15.7,63.23
565,15.8,62.495000000000005
565,15.9,63.195
565,16.5,64.67
565,16.6,63.290000000000006
565,16.8,62.14
565,16.9,61.715
565,17.0,61.6
565,17.5,64.905
565,17.6,63.01
565,17.8,63.6
565,17.9,62.879999999999995
565,18.5,63.27
565,18.7,60.75
565,18.8,61.400000000000006
565,18.9,61.57
565,19.5,62.965
565,19.6,61.834999999999994
565,19.7,60.94
565,19.8,60.815
565,19.9,62.349999999999994
568,10.1,85.33
568,11.1,77.735
568,11.7,73.8
568,11.8,72.24
568,12.1,71.47
568,12.7,68.09
568,12.8,68.96333333333334
568,12.9,67.69
568,14.3,65.69
568,14.9,67.25
568,15.0,66.99
568,15.2,66.705
568,15.3,66.38
568,15.9,67.02
569,13.9,67.64500000000001
569,14.0,66.44
569,14.3,66.75
569,14.4,65.55
569,14.5,65.65
569,15.1,64.85
569,15.3,63.19
569,15.5,63.55
569,16.0,63.23
569,16.1,63.45
569,16.2,63.63
569,16.4,63.739999999999995
569,16.6,63.05
569,17.0,64.18
569,17.1,64.77
570,10.0,96.23
570,12.1,80.56
570,13.1,74.65
570,13.4,73
570,14.0,72.71
570,14.1,70.82
570,14.2,70.5
570,14.4,72.03
570,14.5,71.62
570,15.1,73.76
570,15.2,69.575
570,15.4,71.73
570,16.0,73.47
570,16.3,70.71
570,16.4,70.66999999999999
570,16.8,71.42
570,17.1,71.78
570,17.2,71.19
570,17.3,71.19
570,17.5,72.58
572,13.7,65.22
572,14.9,64.5
572,15.2,65.21
572,15.4,63.795
572,15.5,63.46
572,15.7,63.56
572,15.8,65.075
572,16.3,63.79
572,16.4,64.11
572,16.5,63.9
572,16.6,63.59
572,16.7,63.78
572,16.8,63.19
572,16.9,62.79
572,17.3,64.43
572,17.4,62.91
572,17.5,63.31
572,17.6,63
572,18.4,64.38
572,18.6,62.24
572,18.8,62.86
572,19.5,64.76
572,19.8,63.18
573,12.2,74.71
573,14.2,64.525
573,14.3,65.68
573,14.8,66.85
573,14.9,63.980000000000004
573,15.1,63.59
573,15.3,65.495
573,15.8,65.17
573,15.9,66.3
573,16.3,64.96
573,16.8,64.39
573,16.9,65.22
573,17.0,66.21
573,17.2,66.21
573,17.3,64.7
573,17.7,69.06
573,19.9,67.13
575,13.0,67.56
575,13.3,69.39
575,13.5,66.9
575,13.6,65.73
575,13.8,64.93
575,13.9,63.945
575,14.0,65.09
575,14.4,64.13
575,14.5,64.515
575,14.6,65.19999999999999
575,14.7,65.82
575,15.0,64.955
575,15.5,64.19
575,15.6,64.46
575,15.7,65.08
575,15.9,64.235
575,16.0,65.99
575,16.6,65.215
575,17.7,63.64
575,17.9,64
576,13.2,68.91
576,13.3,69.66
576,13.7,68.98
576,14.2,68.39
576,14.3,66.62
576,14.6,65.54
576,14.7,66.63499999999999
576,15.5,65.92
576,15.6,64.93
576,15.7,65.28
576,16.3,68.12
576,16.4,64.94
576,16.5,65.16
576,16.7,64.49
576,17.2,65.72
576,17.4,66.73
576,17.6,65.49
576,17.7,66.04
577,11.9,71.36
577,13.4,67.64
577,13.8,67.57
577,14.7,63.1
577,15.0,63.739999999999995
577,15.6,64.27
577,15.7,63.44
577,15.8,64.54
577,16.0,64.76
577,16.1,63.97
577,16.6,63.16
577,16.9,63.98
577,17.0,63.605
577,17.1,63.11
577,17.4,63.4
577,17.6,63.21
577,17.9,64.34
577,18.0,64.61
577,18.6,65.87
577,18.7,67.03
580,12.2,75.49
580,13.2,66.175
580,13.8,67.56
580,13.9,65.84
580,14.0,68.965
580,14.1,65.86500000000001
580,14.2,64.015
580,14.9,63.54
580,15.1,61.63
580,15.2,61.09
580,15.3,60.485
580,15.9,60.47
580,16.1,62.21
580,16.2,60.595
580,16.3,60.14
581,12.6,71.63
581,13.4,70.96
581,13.6,68.38
581,14.2,68.35
581,14.3,68.71
581,14.4,67.91
581,14.5,68.38
581,14.6,68.86
581,14.7,68.45
581,15.4,69.12
581,15.6,69.89
581,15.7,68.08
581,16.2,71.28
581,16.3,70.44
581,16.5,73.39
581,16.6,72.57
581,17.1,74.82
589,10.4,89.94
589,11.4,80.79
589,11.6,83.29
589,12.4,70.87
589,13.2,68.41
589,13.5,67.91
589,13.6,66.83
589,14.3,65.87
589,14.5,65.63
589,14.6,66.6
589,15.3,66.295
589,15.5,64.845
589,15.6,64.4
589,16.3,64.44
589,16.4,64.07
589,16.5,63.8
589,16.6,64.38
590,12.0,69.04
590,13.1,66.99000000000001
590,13.6,63.915
590,13.7,64.23
590,13.8,64.71
590,14.0,64.29
590,14.7,65.025
590,14.8,65.24
590,14.9,62.89
590,15.1,63.885
590,15.2,62.8
590,15.5,62.16
590,15.7,61.91
590,15.8,61.3
590,15.9,60.835
590,16.0,60.76
590,16.1,61.47
590,16.2,61.08
590,16.5,61.78
590,16.8,61.27
590,16.9,61.480000000000004
590,17.0,60.25
590,17.1,62.05
590,17.2,60.95
590,17.7,62.08
590,17.8,61.06
590,17.9,62.26
590,18.0,60.86
590,18.1,61.95
590,18.8,62.675
590,18.9,60.71
590,19.8,63.46
598,11.2,79.09
598,11.8,78.36
598,13.4,72.4
598,13.9,68.21
598,14.0,67.57
598,14.2,66.91
598,14.3,65.24
598,14.4,66.555
598,14.9,66.66
598,15.0,66.08
598,15.1,65.21
598,15.3,66.6
598,16.0,66.91
598,16.1,69.98
598,16.2,67.92
598,16.4,71.14
598,17.1,67.6
600,14.7,63.11
600,15.1,64.65
600,15.2,63.405
600,15.4,61.849999999999994
600,15.7,62.71
600,15.8,61
600,16.2,61.56
600,16.3,60.795
600,16.4,61.125
600,16.6,61.49
600,16.7,62.980000000000004
600,16.8,60.415
600,17.2,64.7
600,17.3,62.02
600,17.4,61.46
600,17.5,61.05
600,17.8,60.585
600,18.2,60.265
600,18.4,59.28
600,18.5,59.82
600,18.6,60.06
607,11.3,77.95
607,12.2,69.64
607,13.3,66.64
607,14.0,66.39
607,14.1,62.5
607,14.3,63.13
607,14.4,63.97
607,14.5,62.9
607,15.0,63.03
607,15.1,61.385000000000005
607,15.3,62.93
607,15.4,62.97
607,15.5,62.82
608,10.7,73.94
608,12.9,62.525
608,13.4,61.695
608,13.5,60.65
608,13.6,60.86
608,13.7,60.17
608,13.8,60.45
608,13.9,60.095
608,14.2,61.055
608,14.4,60.08
608,14.5,61.19499999999999
608,14.7,60.05
608,14.8,60.225
608,14.9,59.22
608,15.3,59.86
608,15.4,59.215
608,15.5,59.88
608,15.6,58.11
608,15.7,57.85
608,15.8,57.845
608,15.9,58.04
608,16.0,57.345
608,16.4,59.16
608,16.6,59.36
608,16.7,57.34
608,16.8,57.47
608,16.9,57.92
608,17.4,58.650000000000006
608,17.5,58.43
608,17.6,58.285
608,17.7,57.5
610,13.4,71.12
610,14.3,65.54
610,14.4,63.32
610,14.7,69.66499999999999
610,15.3,65.76
610,15.4,64.45
610,15.6,65.89
610,15.7,64.89
610,16.3,63.21
610,16.4,63.29
610,16.7,63.93
611,14.1,67.33
611,14.2,66.65
611,14.5,64.29
611,14.6,67.16
611,15.1,64.765
611,15.2,64.59
611,15.3,63.87
611,15.6,61.94
611,15.7,63.71
611,16.2,62.61
611,16.3,61.92
611,16.4,62.32
611,16.6,61.86
611,16.7,61.79
611,17.3,63.2
611,19.3,62.525000000000006
611,19.4,61.28
612,13.5,66.72
612,13.7,67.175
612,13.8,65.44
612,14.0,65.85
612,14.1,64.69
612,14.2,64.08
612,14.6,64.15
612,14.8,63.67
612,14.9,63.42
612,15.0,63.32
612,15.1,63.65
612,15.2,63
612,15.8,62.795
612,15.9,62.765
612,16.1,63.295
612,16.2,63.07
612,16.6,62.49
612,16.8,63.22
612,16.9,63.01
612,17.2,61.65
612,17.7,63.89
612,17.9,63.58
612,18.1,63.52
612,18.2,63.53
617,11.7,74.43
617,13.5,70.53
617,13.6,69.92
617,13.9,68.56
617,14.5,67.87
617,14.7,68.25
617,14.8,66.37
617,14.9,67.67
617,15.6,66.33
617,15.8,67.72
617,16.0,70.57
617,16.6,68.05
617,16.9,69.12
621,10.5,75.94999999999999
621,11.6,70.03
621,12.2,67.41499999999999
621,13.4,65.505
621,13.5,63.510000000000005
621,13.6,65.14666666666666
621,13.7,63.76
621,13.8,63.41
621,14.5,64.50999999999999
621,14.6,65.475
621,14.7,66.01
621,14.8,64.62
621,15.4,64.56
621,15.5,64.48
621,15.7,64.205
621,15.8,62.87
623,11.8,77.39
623,12.8,72.44
623,13.6,68.19
623,13.7,67.28
623,13.9,68.5
623,14.0,69.47
623,15.0,66.15
623,15.7,66.15
623,15.9,68.6
623,16.9,68.93
623,17.9,69.05
623,18.0,68.74
623,18.6,65.53
623,18.7,65.46
627,10.2,76.17
627,11.2,69.95
627,11.3,69.09
627,11.4,68.54
627,11.5,68.82
627,11.7,69.49
627,12.3,69.88
627,12.4,66.14
627,12.5,67.4
627,12.7,64.48
627,13.4,63.24
627,13.6,62.33
627,13.7,63.81
627,13.8,61.43
627,14.2,62.68
627,14.3,62.78
627,14.4,62.27
627,14.5,61.65
627,14.6,61.71
627,14.7,62.155
627,14.8,61.53
627,15.3,61.400000000000006
627,15.4,62.44
627,15.5,61.05
627,15.6,61.305
627,15.8,61.43
627,16.3,61.635000000000005
627,16.4,61.23
627,16.5,59.35
627,16.6,61.425
627,16.7,60.95
627,16.8,60.18
629,14.2,65.97
629,14.3,68.47
629,14.4,67.855
629,15.0,67.68
629,15.1,67.07499999999999
629,15.3,68.33
629,15.4,67.735
629,16.1,68.42
629,16.3,66.15
629,16.4,68.58
629,17.0,66.78
629,17.1,65.72
629,17.3,66.31
629,17.4,68.49
629,18.0,65.98
629,18.1,65.82
629,18.4,66.24
629,19.2,67.235
631,11.4,76.17
631,12.4,69.59
631,14.0,63.72
631,14.1,62.02
631,14.2,61.11
631,14.4,64.22
631,14.5,63.89
631,15.0,62.73
631,15.1,62.379999999999995
631,15.2,61.61
631,15.3,63.055
631,15.4,62.43
631,15.5,61.25
636,14.2,68.58
636,14.6,67.85
636,14.7,67.84
636,14.8,67.82
636,14.9,69.34
636,15.3,68.47
636,15.5,67.99
636,15.6,68.37
636,15.7,69.34
636,15.8,69.56
636,15.9,69.19
636,16.3,66.81
636,16.5,67.81
636,16.7,67.64
636,16.8,68.97
636,17.6,67.37
636,17.8,67.05
636,17.9,67.29
636,18.4,66.54
636,18.6,65.14
636,18.7,65.82
636,18.8,65.33
636,18.9,66.765
636,19.4,64.85
636,19.5,64.41
636,19.6,65.04
636,19.7,64.25
636,19.8,63.885
637,13.3,73.06
637,14.3,68.7
637,15.1,69.86
637,15.3,67.98
637,16.1,68.5
637,16.2,69.22
637,16.3,67.38
637,16.4,68.07
637,17.0,66.93
637,17.1,67.02
637,17.3,67.56
637,18.2,68.17500000000001
637,19.0,68.07
637,19.1,69.06
637,19.2,69.2
637,19.4,70.25999999999999
651,13.0,83.76
651,14.0,81.72
651,14.6,80.17
651,14.8,79.61
651,15.0,81.36
651,15.6,77.4
651,15.7,76.03999999999999
651,15.8,75.28
651,16.1,75.63
651,16.7,78.72
651,16.8,75.29
651,17.7,76.68
651,18.0,76.69
651,18.7,76.85
651,19.0,76.07
651,19.7,75.12
651,19.9,81.2
656,14.3,67.76
656,14.7,68.51
656,15.0,66.91
656,15.1,67.02
656,15.2,64.815
656,15.4,64.44
656,15.9,66.14
656,16.0,66.18
656,16.1,65.59
656,16.3,65.75999999999999
656,16.9,65.39
656,17.1,64.2
656,17.3,65.69999999999999
656,17.9,63.9
656,18.0,63.120000000000005
656,18.2,63.735
656,18.3,63.05
663,14.3,67.77
663,15.4,66.05
663,15.5,65.14
663,16.0,65.075
663,16.2,66.64
663,16.4,64.76
663,17.0,64.49
663,17.1,64.53
663,17.3,64.86
663,17.4,63.755
663,17.5,63.51
663,17.9,64.72
663,18.0,63.615
664,12.0,68.4
664,13.0,63.39
664,13.6,60.225
664,13.8,61.475
664,13.9,59.995000000000005
664,14.0,61.08
664,14.4,61.42
664,14.7,59.7
664,14.9,59.78
664,15.1,61.085
664,15.6,62.25
664,15.8,61.32
664,15.9,60.67
664,16.1,60.96
664,16.6,62.125
664,16.7,62.22
664,17.0,62.815
671,12.5,76.17
671,13.2,70.395
671,13.3,69.47
671,13.5,68.13499999999999
671,14.2,64.265
671,14.3,62.94
671,14.5,65.48
671,14.6,64.14
671,15.2,63.45
671,15.3,63.44
671,15.5,63.31
671,15.6,63
675,11.4,71.43
675,13.2,63.41
675,13.4,63.37
675,13.6,63.25
675,13.7,63.39
675,13.8,65.35
675,13.9,63.08
675,14.2,63.894999999999996
675,14.4,64.18
675,14.6,63.165000000000006
675,14.7,63.24
675,14.8,64.33500000000001
675,14.9,62.45
675,15.4,63.25
675,15.5,62.275
675,15.6,61.959999999999994
675,15.7,62.16
675,15.8,63.510000000000005
675,16.4,64.49000000000001
675,16.5,64.03999999999999
675,16.6,63.04
677,12.4,68.67
677,13.4,65.4
677,14.1,65.98
677,14.4,64.93
677,14.5,65.59
677,15.1,66.56
677,15.2,66.1
677,15.3,68.93
677,17.0,62.78
677,17.2,62.56
677,17.4,63.155
677,17.5,62.8
677,18.0,62.62
677,18.1,61.45
677,18.3,61.175
677,18.4,61.3
677,18.5,60.475
678,12.8,71.14
678,12.9,71.85
678,13.4,69.53
678,13.5,70.65
678,13.7,72.49
678,13.9,69.6
678,14.4,71.35
678,15.5,66.9
678,15.6,66.66
678,15.7,64.4
678,16.0,65.245
678,16.5,66.69
678,16.6,65.08
678,16.7,65.765
678,16.9,65.555
678,17.0,65.785
678,17.4,65.24
678,17.6,66.16
685,13.0,75.43
685,13.9,69.54
685,14.1,67.39
685,14.2,68.37
685,14.9,68.42500000000001
685,15.2,68.02
685,15.8,64.53
685,15.9,65.26
685,16.0,62.5
685,16.1,64.12
685,16.2,63.17
685,16.8,64.37
685,16.9,63.57
685,17.1,62.61
685,17.2,63.025
685,17.8,62.66
685,17.9,63.555
685,18.1,63.92
693,14.1,71.55
693,14.2,70.29
693,15.0,68.81
693,15.2,67.645
693,16.2,68.14
693,16.3,67.37
693,16.9,67.1
693,17.0,65.785
693,17.2,68.01
693,17.3,65.15
693,17.9,66.26
693,18.0,65.29
693,18.2,69.73
694,11.9,75.48
694,12.9,68.3
694,13.9,64.965
694,14.0,63.285
694,14.6,64.11
694,14.8,62.74
694,15.0,62.82
694,16.0,63.56999999999999
694,16.1,62.69
694,16.4,64.93
694,17.1,62.92
694,17.6,64.785
696,11.7,72.31
696,12.1,70.39
696,12.7,65.77
696,13.1,66.465
696,13.2,65.21
696,13.8,64.68
696,13.9,64.66
696,14.1,63.86
696,14.2,64.36
696,14.3,63.31
696,14.8,63.485
696,14.9,63.445
696,15.2,64.99
696,15.3,62.73
696,15.9,61.754999999999995
696,16.2,62.93
696,16.9,62.92
696,17.1,62.92
696,17.2,67.29
709,12.1,70.72
709,13.0,68.19
709,13.7,66.47
709,13.9,66.47
709,14.1,65.505
709,14.8,63.540000000000006
709,14.9,63.16
709,15.1,64.3
709,15.2,64.36
709,15.7,64.86500000000001
709,15.8,63.285
709,15.9,62.72
709,16.0,62.8
709,16.1,63.900000000000006
709,16.2,62.86
712,12.7,74.56
712,13.4,72.23
712,13.6,70.13
712,13.7,70.95
712,14.4,70.12
712,14.6,69.99
712,14.7,69.38
712,15.4,69.87
712,15.6,68.85
712,16.4,66.25
712,16.5,66.67
712,16.7,67.02
712,17.3,66.68
712,17.4,67.71
712,17.6,68.14
712,18.4,68.86500000000001
714,14.7,65.19
714,14.8,63.89
714,15.1,63.89
714,15.3,64.5
714,15.4,63.94
714,15.5,64.35
714,15.7,63.565
714,15.8,63.94
714,16.3,63.59
714,16.4,62.21
714,16.5,62.730000000000004
714,16.6,60.89
714,16.8,61.93
716,10.8,83.32
716,11.8,74.82
716,11.9,77.75
716,12.1,72.21
716,12.9,69.5
716,13.0,70.93
716,13.1,68.54
716,13.2,66.45
716,13.4,70.48
716,13.8,70.9
716,14.0,72.56
716,14.3,70.67
716,14.8,69.86
716,15.0,69.03
716,15.3,69.8
716,15.8,67.94
716,15.9,68.62
716,16.0,68.6
716,16.1,66.34
716,16.2,67.62
716,16.3,65.78
720,12.2,77.61
720,13.2,66.67
720,13.8,66.9
720,14.1,65.285
720,14.2,66.83
720,14.8,65.65
720,15.8,67.37
720,16.1,68.02
720,16.2,63.95
720,16.9,68.17
720,17.1,66.59
720,17.2,65.85
722,12.4,72.23
722,13.3,72.76
722,13.4,72.34
722,13.5,70.24
722,13.7,71.1
722,14.2,70.66
722,14.3,71.31
722,14.5,70.86
722,14.6,69.93
722,15.2,69.61
722,15.4,69.085
722,15.6,72.05
722,15.7,71.36
722,16.2,70.69
722,16.4,69.195
722,17.7,70.91
722,18.2,68.77
722,18.3,70.21
727,12.4,68.34
727,13.3,63.55
727,13.4,62.075
727,13.5,63.75
727,13.9,62.94
727,14.1,62.39
727,14.2,61.83
727,14.4,62.695
727,14.5,62.265
727,14.6,61.35
727,15.2,61.67
727,15.4,62.825
727,15.5,61.74
727,16.1,67.12
734,13.2,69.74
734,13.3,69.18
734,13.5,68.38
734,14.1,66.78999999999999
734,14.2,65.11
734,14.4,65.18
734,14.5,65.275
734,15.1,65.07
734,15.2,64.345
734,15.4,63.43
734,15.5,63.825
734,16.1,62.765
734,16.2,61.95
734,16.4,62.18000000000001
734,16.5,62.155
734,17.1,65.215
734,17.4,63.28
734,17.5,63.19
734,18.1,64.025
734,18.2,63.645
734,18.4,62.510000000000005
734,18.5,61.980000000000004
734,19.1,64.37
734,19.4,63.730000000000004
734,19.5,62.605000000000004
734,19.6,63.41
741,13.9,69.42
741,14.1,71.5
741,14.7,67.89
741,14.9,66.72
741,15.1,65.905
741,15.6,64.42
741,15.7,63.525
741,15.8,62.45
741,16.1,63.365
741,16.2,61.114999999999995
741,16.6,62.02
741,16.7,62.52
741,16.8,60.815
741,17.0,61.34
741,17.2,60.465
741,17.8,61.59
741,17.9,60.269999999999996
741,18.0,61.230000000000004
741,18.1,62.620000000000005
741,18.7,62.98
741,18.8,62.3
741,19.0,61.335
741,19.1,60.45
744,14.6,66.83
744,14.7,67.4
744,14.8,65.345
744,14.9,64.59
744,15.3,63.79
744,15.5,63.4
744,15.6,63.02
744,15.7,64.06
744,15.9,63.644999999999996
744,16.0,62.73
744,16.5,62.73
744,16.6,61.96
744,16.7,60.3
744,16.8,60.84
744,16.9,63.87
744,17.0,61.74
744,17.5,64.27
744,17.6,63.900000000000006
744,17.7,62.09
744,18.6,63
747,13.4,66.64
747,13.9,65.55
747,14.1,64.45
747,14.2,63.55
747,14.3,63.55
747,14.4,62.22
747,14.5,62.72
747,14.9,62.72
747,15.1,61.325
747,15.2,60.965
747,15.4,60.92
747,15.5,61.53
747,15.9,60.41
747,16.1,60.185
747,16.2,60.045
747,16.3,59.76
747,16.4,60.275
747,16.5,59.28
747,17.2,59.765
747,17.3,60.28
747,17.4,60.05
747,17.5,58.545
747,17.8,60.365
747,18.0,60.185
747,18.2,59.975
747,18.4,59.61
747,18.9,60.74
747,19.1,61.98
747,19.3,60.5
759,13.2,71.48
759,13.8,70.04
759,14.0,70.2
759,14.1,71.12
759,14.2,66.65
759,14.8,68.09
759,14.9,63.739999999999995
759,15.0,62.885
759,15.1,62.84
759,15.3,64.38
759,15.7,63.99
759,15.8,65.65
759,15.9,66.23
759,16.0,64.78
760,12.9,67.97
760,13.0,67.17
760,13.8,64.525
760,13.9,64.845
760,14.0,65.58
760,14.1,67.00999999999999
760,14.2,64.49
760,14.7,63.30500000000001
760,14.9,64.38
760,15.1,64
760,15.2,63.33
760,15.8,64.525
760,15.9,66.875
760,16.1,65.17
760,16.7,65.88499999999999
760,16.8,64.57
771,13.0,77.96
771,14.0,68.5
771,14.4,67.57
771,15.0,64.58500000000001
771,15.1,64.82
771,15.6,65.12
771,15.7,65.69
771,15.8,66.93
771,15.9,65.78
771,16.0,68.465
771,16.6,66.025
771,16.8,67.59
771,16.9,66.70500000000001
771,17.0,68.89
775,12.1,68.1
775,13.2,65.43
775,13.8,65.82499999999999
775,14.2,66.715
775,14.7,62.685
775,14.8,62.185
775,15.0,62.535
775,15.2,63.685
775,15.7,61.93
775,15.8,61.75
775,16.2,61.065
775,16.7,62.03
775,16.8,62.92
775,16.9,61.26
775,17.0,61.31
775,17.1,60.3
775,17.2,59.835
775,17.8,62.595
775,17.9,63.54
775,18.8,61.53
775,18.9,61.41
775,19.0,61.73
775,19.9,61.87
776,13.3,71.46
776,14.2,68.23
776,14.3,68.03
776,15.4,64.92
776,16.0,68.58
776,16.1,66.13
776,16.4,65.18
776,16.9,68.15
776,17.0,67.72
776,17.2,67.81
776,17.3,65.84
776,17.4,65.035
776,17.8,69.39
776,17.9,68.58
776,18.0,67.17
776,18.3,65.52
776,18.4,68.18
776,19.0,68.59
776,19.3,71.24
781,13.4,67.77
781,13.5,67.36
781,13.6,67.02
781,13.8,68.32
781,14.3,64.56
781,14.4,67.73
781,14.5,67.89
781,14.6,65.7
781,14.7,67.27000000000001
781,14.8,67.81
781,15.4,65.58500000000001
781,15.5,66.55
781,15.7,64.205
781,15.8,63.54
781,16.4,64.51
781,16.5,65.72
781,16.8,66.73
781,17.4,64.59
781,17.5,65.49
790,14.0,66.08
790,14.1,67.13
790,14.6,66.7
790,14.8,65.04
790,14.9,66.25
790,15.0,66.25
790,15.6,64.57
790,15.7,67.31
790,15.9,64.83
790,16.0,65.285
790,16.1,64.1
790,16.8,65.29
790,17.0,65.74
790,17.1,66.19
790,17.8,66.41
793,13.8,75.95
793,14.4,73.77
793,14.6,75.04
793,14.7,72.52
793,14.8,71.05
793,15.2,73.52
793,15.4,75.13
793,15.5,71.25
793,15.7,70.72
793,15.8,70.17
793,16.3,73.12
793,16.4,72.8
793,16.5,73.93
793,16.7,70.75
793,17.2,71
793,17.3,70.08000000000001
793,17.4,71.505
793,17.5,69.49
793,17.6,69.16
793,17.7,68.91
793,19.5,71.38
794,10.2,83.78
794,11.1,74.945
794,11.2,73.04
794,12.1,68.66499999999999
794,12.2,66.83
794,13.1,65.35499999999999
794,13.2,64.59
794,13.8,63.56
794,14.0,63.325
794,14.1,62.99
794,14.2,62.015
794,15.9,62.09
794,16.9,62.27
796,14.2,66.47
796,14.8,67.13
796,15.1,66.16
796,15.8,66.31
796,15.9,66.16
796,16.0,68.225
796,16.2,65.66499999999999
796,16.9,65.34
796,17.1,64.81
796,17.2,65.41
797,10.9,80.25
797,12.0,76.57
797,13.1,71.325
797,13.7,69.465
797,14.0,68.38499999999999
797,14.1,68.29
797,14.8,66.48
797,15.0,63.765
797,15.1,63.98
797,15.2,64.81
797,15.6,63.93
797,15.8,63.36
797,15.9,64.33
797,16.0,63.67
797,16.1,64.04
797,16.2,64
813,12.0,75.99
813,12.8,71.95
813,13.0,74.07
813,13.7,68.31
813,13.8,69.05
813,14.0,68.44999999999999
813,14.1,66.3
813,14.7,67.1
813,14.8,70.76
813,15.0,69.78
813,15.1,65.97
813,15.5,69.01
813,15.8,65.69
813,16.0,68.34
813,16.1,65.83
815,13.8,71.28
815,14.6,65.78
815,14.7,66.39
815,14.8,67.64
815,15.4,67.53
815,15.5,68.21
815,15.7,66.36
815,16.4,67.04
815,16.6,70.49
815,17.4,70.61
815,18.4,71.04
815,18.7,70.12
815,18.8,70.19
815,19.3,70.87
815,19.7,77.18
819,13.3,67.84
819,13.4,64.78
819,13.6,64.3
819,13.7,63.705
819,14.2,63.97
819,14.3,63.96
819,14.4,64.58000000000001
819,14.6,63.56
819,14.7,63.695
819,15.3,62.68
819,15.4,63.099999999999994
819,15.6,64.46
819,15.7,61.96
819,16.3,61.16
819,16.4,61.91
819,16.6,62.445
819,16.7,62.86
819,16.8,60.94
823,13.8,70.93
823,14.6,72.02
823,15.7,67.05
823,15.8,67.59
823,16.7,66.785
823,16.8,67.12
823,17.4,68.53
823,17.7,66.33
823,17.8,64.86500000000001
823,18.2,66.98
823,18.4,68.18
823,18.8,65.82
823,19.5,65.82
823,19.7,66.3
823,19.8,65.78
825,12.9,68.8
825,13.0,70.12
825,13.7,65.82
825,13.8,65.69
825,14.0,65.46
825,14.1,63.48
825,14.2,66.64
825,14.7,63.405
825,15.0,63.28
825,15.1,63.4
825,15.2,64.19
825,15.6,63.6
825,15.9,64.63
825,16.1,64.465
825,17.1,63.87
825,17.7,67.93
828,12.9,70.28
828,13.5,68.95
828,13.9,65.355
828,14.7,63.67
828,14.9,62.995000000000005
828,15.0,62.56
828,15.7,61.59
828,15.8,63.57
828,15.9,63.3
828,16.0,62.53
828,16.6,64.28
828,16.7,61.84
828,16.9,63.585
828,17.0,62.120000000000005
828,17.6,62.215
835,12.4,64.985
835,12.5,63.85
835,13.2,63.85
835,13.3,62.68
835,13.5,63.075
835,13.6,62.48
835,14.2,63.16
835,14.3,61.93
835,14.5,62.775000000000006
835,14.6,61.435
835,15.2,62.8
835,15.3,62.36
835,15.6,61.805
835,15.7,60.67
835,16.3,61.88
835,16.6,61.21
839,10.6,85.72
839,11.5,76.95
839,11.6,79.27
839,12.5,73.74
839,12.6,71.97
839,14.4,65.24
839,14.6,65.3
839,15.3,62.875
839,15.4,62.675
839,15.5,61.73
839,15.7,61.74
839,16.3,63.135000000000005
839,16.5,61.02
839,16.8,62.19
839,17.3,61.44
839,17.4,60.84
839,17.7,63.224999999999994
839,18.3,62.28
839,18.4,62.25
839,18.7,62.7
845,12.4,73.29
845,12.5,73.125
845,13.2,71.67
845,13.3,70.41
845,13.4,70.32
845,13.6,68.53
845,13.7,71.6
845,14.3,67.78
845,14.4,68.05
845,14.7,67.65
845,15.3,68.95
845,15.4,68.49
845,15.7,67.2
845,16.3,67.99
845,16.4,69.35
845,16.6,67.4
851,12.4,70.31
851,13.3,67.29
851,13.4,64.87
851,14.1,63.775
851,14.2,65.9
851,14.4,62.295
851,14.5,61.85
851,15.0,62.625
851,15.1,61.69
851,15.2,61.91
851,15.4,61.650000000000006
851,15.5,62.31
851,16.1,60.78
851,16.4,61.015
851,16.5,61.17
851,17.0,61.22
851,17.1,63.52
851,17.2,60.12
851,17.3,61.96
851,17.4,62.265
851,17.5,60.09
862,12.0,70.06
862,13.8,66.79
862,13.9,65.14500000000001
862,14.0,65.78
862,14.1,65.39
862,14.5,66.61
862,14.6,64.94
862,14.7,65.1
862,14.8,65.275
862,14.9,65.67
862,15.0,63.495
862,15.6,64.07499999999999
862,15.7,63.625
862,15.9,64.9
862,16.0,65.89500000000001
862,16.5,65.045
862,16.6,64.43
862,16.9,66.1
862,17.0,66.09
863,13.5,68.12
863,13.7,68.155
863,14.0,66.15
863,14.1,65.78
863,14.6,66.1
863,14.7,64.71
863,14.8,65.34
863,15.0,64.59
863,15.1,64.87
863,15.2,63.36
863,15.8,65.83
863,15.9,63.9
863,16.1,62.955
863,16.2,62.16
863,16.7,64.52
863,16.9,63.13
863,17.1,64.76
863,17.7,65.14
863,17.9,65.7
863,18.1,66.15
863,19.0,68.12
864,14.2,65.435
864,14.3,65.7
864,14.8,65.23
864,14.9,64.25
864,15.0,63.465
864,15.3,63.515
864,15.8,67.36500000000001
864,15.9,69.14
864,16.0,64.65
864,16.2,67.71
864,16.3,63.305
864,16.9,64.035
864,17.0,64.415
864,17.2,64.15
864,17.9,69.43
873,11.3,78.06
873,11.5,74.71
873,11.7,75.435
873,11.8,71.45
873,12.3,77
873,12.4,74.07
873,12.5,72.63
873,12.7,74.38
873,12.8,71.78
873,13.4,71.7
873,13.5,71.66
873,13.6,70.88
873,13.7,72.25
873,13.8,71.1
873,15.3,76.05
873,15.4,76.26
873,15.8,75.1
873,16.3,71.06
873,16.5,73.19
873,16.7,74.88
873,16.8,75.14
873,18.3,73.35
873,19.3,73.26
873,19.6,75.28
885,15.2,65.47999999999999
885,15.8,62.165
885,16.0,61.77
885,16.1,61.5
885,16.2,62.28
885,16.3,61.27
885,16.7,60.89
885,16.8,61.5
885,16.9,60.105000000000004
885,17.0,59.55
885,17.1,60.01
885,17.2,61.04
885,17.3,59.980000000000004
885,17.8,60.47
885,17.9,60.47
885,18.0,60.75
885,18.1,59.38
885,18.2,61.44
885,18.8,62.18
885,18.9,61.89
885,19.1,61.23
885,19.2,63.03
885,19.6,66.25
885,19.8,64.58
891,14.1,68.45
891,14.2,69.21
891,14.8,67.41
891,15.1,67.26
891,15.2,68.22
891,15.7,66.38
891,15.9,66.575
891,16.1,65.44
891,16.7,66.89
891,16.8,66.98
891,16.9,66.35
891,17.1,65.65
891,17.2,65.36
903,12.6,69.5
903,13.1,68.18
903,13.2,67.7
903,14.1,67.9
903,14.3,68.54
903,15.1,67.37
903,15.2,68.61
903,15.4,67.81
903,15.6,66.93
903,16.2,67.68
903,16.4,65.85
903,16.6,65.19
903,17.2,64.76
903,17.3,65.52
903,17.5,66.25
903,18.0,66.83
903,18.2,65.86
903,18.3,65.47
903,18.6,69.63
905,13.9,65.055
905,14.5,65.26
905,14.8,62.94
905,14.9,65.62
905,15.0,62.52
905,15.4,61.12
905,15.5,62.24
905,15.6,62.065
905,15.9,63.115
905,16.0,61.88
905,16.9,68.95
905,17.6,65.34
905,17.9,69.82
905,18.6,64
905,18.7,63.84
905,18.9,67.43
905,19.5,65.08
908,13.9,66.76
908,14.0,64.68
908,14.4,66.745
908,14.5,66.81
908,14.6,67.36
908,14.7,67.18
908,15.0,66.215
908,15.7,66.305
908,16.0,64.34
908,16.5,65.23
908,16.6,65.84
908,16.7,64.135
908,16.9,64.71
908,17.0,62.8
908,17.6,67.25
908,17.7,63.825
913,10.7,79.615
913,11.3,73.34
913,11.5,72.1
913,11.6,71.08
913,11.7,72.55
913,12.3,68.4
913,12.7,66.47999999999999
913,12.8,66.36
913,12.9,64.38
913,13.5,64.56
913,13.6,64.625
913,13.8,64.88
913,13.9,62.650000000000006
913,14.0,62.22
913,14.6,61.56
913,14.7,61.14
913,14.8,62.075
913,15.0,62.14
913,15.5,61.74
913,15.6,61.295
913,15.7,60.16
913,16.0,60.84
913,16.6,60.305
913,16.9,60.82
913,17.0,59.74
913,17.5,59.91
913,17.6,59.625
913,17.7,58.84
913,17.9,60.405
916,13.3,69.21
916,13.4,69.61
916,13.5,68.96
916,13.8,68.495
916,14.3,67.345
916,14.5,68.34
916,14.7,64.24
916,14.8,64.175
916,15.3,65.10499999999999
916,15.5,64.53999999999999
916,15.7,63.129999999999995
916,15.8,63.644999999999996
916,16.4,63.195
916,16.7,61.900000000000006
916,16.8,62.989999999999995
916,17.4,63.86
916,17.5,63.34
916,17.7,62.425
916,17.8,62.385
916,18.3,63.03
916,18.5,62.38
926,10.2,87.58000000000001
926,12.3,69.07
926,13.3,66.69
926,14.0,64.9
926,14.1,63.43
926,14.2,61.365
926,14.3,62.675
926,14.4,62.055
926,14.9,62.235
926,15.0,61.745
926,15.1,61.55
926,15.3,62.195
926,15.4,61.835
926,16.0,62.535
926,16.1,61.445
926,16.3,61.165000000000006
926,16.4,61.769999999999996
926,16.5,60
930,12.4,74.26
930,13.2,69.19
930,13.4,70.06
930,14.1,67.14
930,14.2,65.46
930,14.4,66.62
930,15.1,66.62
930,15.2,64.8
930,15.3,66.38
930,15.4,65.66
930,16.1,66.66
930,16.4,65.3
930,17.1,66.37
934,13.3,65
934,13.9,65.55
934,14.3,63.91
934,14.9,62.629999999999995
934,15.1,63.84
934,15.2,64.07
934,15.3,64.83
934,15.9,63.19
934,16.0,62.65
934,16.3,65.28999999999999
934,16.9,64.5
934,17.0,64.26
934,17.3,63.875
936,12.2,72.63
936,13.1,68.38499999999999
936,13.2,68.61
936,13.8,67.03
936,14.0,67.93
936,14.2,67.75
936,14.3,66.155
936,14.8,66.45
936,14.9,65.99000000000001
936,15.0,66.2
936,15.2,65.98
936,15.3,65.68
936,16.0,67.84
936,16.1,68.47
936,16.3,69.41
936,17.3,67.66999999999999
936,18.1,67.27
944,12.2,77.58
944,12.9,70.89
944,13.0,71.9
944,13.2,72.42
944,13.8,71.19
944,13.9,69.63
944,14.2,69.16
944,14.8,68.47
944,14.9,69.58500000000001
944,15.1,68.84
944,15.2,68.18
944,15.8,71.59
944,16.2,71.735
944,16.8,70.63
944,16.9,68.91499999999999
944,17.1,70.76
944,17.2,70.35
944,17.8,70.72
944,17.9,69.21
944,18.1,67.31
944,18.9,67.05
944,19.1,66.89
944,19.8,68.9
949,14.7,63.19
949,14.8,65.7
949,14.9,66.49
949,15.4,65.56
949,15.5,65.12
949,15.7,64.18
949,15.9,62.175
949,16.3,62.34
949,16.4,62.49
949,16.5,62.29
949,16.7,60.72
949,16.8,63.27
949,16.9,60.12
949,17.5,62.41
949,17.8,61.44
949,18.5,63.12
949,18.7,61.14
949,18.9,61.15
949,19.7,58.584999999999994
954,11.8,80.82
954,12.6,76.83
954,13.7,68.49
954,14.4,69.13
954,14.5,64.03
954,14.7,64.08
954,14.8,64.2
954,15.4,64.11500000000001
954,15.5,63.82
954,16.4,65.49
954,16.5,64.02
954,16.7,64.56
954,16.8,64.235
959,11.0,84.91
959,13.7,65.42
959,13.8,65.66
959,14.0,63.86
959,14.1,64.315
959,14.2,63.27
959,14.8,62.004999999999995
959,14.9,60.019999999999996
959,15.0,61.215
959,15.1,60.96
959,15.2,60.77
959,15.7,62.075
959,15.8,61.375
959,15.9,60.775
959,16.1,61.805
959,16.2,60.64
959,16.7,62.86
959,16.8,61.965
959,16.9,60.785
959,17.0,60.68
959,17.1,61.97
959,17.2,60.510000000000005
959,17.7,60.98
959,17.8,60.655
959,17.9,59.975
959,18.0,64.39500000000001
959,18.2,60.945
979,13.7,74.71
979,13.8,75.21
979,14.0,72.94
979,14.1,73.45
979,14.8,69.18
979,15.1,68.61
979,15.7,68.035
979,15.8,67.61500000000001
979,16.0,65.845
979,16.8,67.16499999999999
979,17.1,63.769999999999996
979,17.8,63.035
979,18.0,66.33
979,18.1,64.495
985,12.6,68.13
985,13.3,69.28
985,13.7,68.975
985,14.3,68.51
985,14.5,68.43
985,14.7,70.395
985,15.3,66.17
985,15.4,64.62
985,15.6,65.12
985,15.7,65.64
985,16.3,63.53
985,16.5,64.02
985,16.7,65.495
985,18.3,66.57
985,18.5,64.67
985,18.7,68.78
985,19.4,67.28
988,14.0,67.66
988,14.3,67.19
988,14.4,68.6
988,14.9,65.265
988,15.3,64.91
988,15.5,65.63
988,16.1,63.69
988,16.2,63.41
988,16.4,63.769999999999996
988,16.9,63.81
988,18.0,64.76
988,18.2,63.85
988,19.0,65.37
988,19.1,66.305
993,11.9,75.39
993,13.7,66.45
993,13.8,66.7
993,13.9,67.34
993,14.0,65
993,14.5,67.19
993,14.6,68.18
993,14.7,67.16
993,14.8,63.195
993,15.0,64.22
993,15.4,63.5
993,15.5,62.81
993,15.6,63.19
993,15.7,63.17999999999999
993,15.8,63.06
993,16.0,63.95
993,16.7,67.45
994,10.5,88.12
994,11.6,72.34
994,13.2,62.394999999999996
994,13.3,61.82
994,13.4,62.04
994,13.5,63.36
994,13.6,64.28
994,13.7,62.7
994,14.3,60.92
994,14.4,60.68
994,14.5,60.985
994,14.7,59.94
994,15.2,61.32
994,15.3,60.565
994,15.5,60.93
994,16.2,62.43
994,16.3,60.97
994,16.5,61.07
994,16.7,59.75
1004,15.5,70.17
1004,16.0,65.925
1004,16.2,65.93
1004,16.4,64.755
1004,16.5,65.82
1004,16.6,65.945
1004,17.1,66.17
1004,17.2,67.12
1004,17.3,66.02
1004,17.6,64.695
1004,18.2,64.26
1004,18.3,64.59
1004,18.6,64.86
1004,19.1,68.04
1006,11.3,68.95
1006,12.3,66.33
1006,13.0,63.745
1006,13.1,62.705
1006,13.2,68.5
1006,13.3,63.665
1006,13.8,60.78
1006,14.2,60.58
1006,14.3,61.55
1006,14.4,58.96
1006,14.9,60.13
1006,15.0,59.72
1006,15.1,60.08
1006,15.2,60.644999999999996
1006,15.3,59.8
1006,15.4,58.345
1006,15.9,59.79
1006,16.0,58.31
1006,16.1,59.29
1006,16.2,57
1006,16.3,57.98
1006,16.4,57.19
1006,16.5,57.599999999999994
1009,12.4,79.81
1009,12.9,74.61
1009,13.5,69.52
1009,13.6,71.04
1009,13.8,71.03
1009,13.9,72.95
1009,14.8,68.4
1009,14.9,67.64500000000001
1009,15.5,69.24
1009,15.6,65.79
1009,15.7,65.28
1009,15.9,68.35
1009,16.0,64.38
1009,16.6,64.84
1009,16.7,64.825
1009,16.9,65.36000000000001
1011,13.4,64.31
1011,14.3,60.760000000000005
1011,14.4,60.565
1011,14.6,60.42
1011,15.4,60.01
1011,15.6,59.98
1011,15.8,60.485
1011,16.4,59.83
1011,16.5,59.09
1011,16.8,60.62
1011,17.4,60.87
1011,17.7,59.15
1011,17.8,59.85
1011,18.2,60.34
1011,18.4,60.27
1011,18.7,60.55
1011,18.8,59.47
1011,19.2,58.96
1011,19.5,59.805
1011,19.7,59.95
1011,19.8,60.485
1019,13.7,72.64
1019,14.7,73.13
1019,15.4,68.06
1019,15.6,66.44
1019,15.7,69.45
1019,16.1,67.18
1019,16.3,65.42
1019,16.7,66.61
1019,17.4,62.795
1019,17.5,64.05
1019,17.7,64.73
1019,18.3,65.3
1019,18.4,63.96
1019,18.6,63.74
1019,19.3,64.92
1022,14.3,65.765
1022,14.4,65.83
1022,14.5,65.14
1022,15.0,65.37
1022,15.1,64.15
1022,15.4,63.575
1022,15.5,62.86
1022,16.0,61.33
1022,16.1,63.23
1022,16.3,62.14
1022,16.4,61.61
1022,16.5,60.599999999999994
1022,16.8,61.98
1022,17.0,61.04
1022,17.1,61.2
1022,17.4,60.595
1022,17.5,59.94
1022,18.0,62.02
1022,18.1,60.760000000000005
1022,18.2,60.24
1022,18.3,60.040000000000006
1022,18.4,60.89
1025,13.0,67.52
1025,13.6,68.26
1025,13.7,67.05
1025,13.8,67.56
1025,14.0,67.53
1025,14.6,68.97
1025,14.7,68.99
1025,14.9,66.2
1025,15.0,72.91
1025,15.7,69.03
1025,15.8,68.35
1025,16.0,65.535
1025,16.8,65.84
1025,16.9,66.28
1025,17.0,65.92
1025,17.6,67.87
1025,17.7,67.68
1025,18.0,69.39
1025,18.6,69.19
1025,19.8,65.445
1027,12.6,68.8
1027,13.2,67.87
1027,13.3,66.33
1027,14.2,62.26
1027,14.3,61.849999999999994
1027,14.4,63.53
1027,14.5,62.98
1027,14.7,62.4
1027,15.2,63.47
1027,15.3,62.3
1027,15.6,63.13
1027,16.3,64.48
1027,16.6,64.315
1027,17.5,64.07
1027,17.6,62.36
1027,18.2,60.765
1027,18.3,60.47
1027,18.4,60.06
1027,18.5,64.08
1032,13.8,69.97
1032,13.9,70.43
1032,14.1,70.07
1032,15.2,68.29
1032,15.3,69.13
1032,16.1,65.45
1032,16.2,64.66499999999999
1032,16.3,64.06
1032,16.9,64.765
1032,17.2,64.565
1032,17.3,63.42
1032,17.7,64.72
1032,17.9,63.625
1032,18.0,64.82
1034,12.7,72.89500000000001
1034,13.0,67.61
1034,13.1,68.18
1034,13.6,68.62
1034,13.7,67.20333333333333
1034,13.8,67.35
1034,14.0,68.68
1034,14.1,67.87
1034,14.7,68.04
1034,14.8,68.7
1034,15.0,67.78
1034,15.1,65.625
1034,15.7,64.95
1034,15.8,65.39
1034,16.0,64.44
1034,16.1,65.15
1035,12.7,69.42
1035,13.2,67.18
1035,13.3,65.195
1035,13.4,64.95
1035,13.6,64.51
1035,13.7,64.06
1035,14.2,61.955
1035,14.4,61.885000000000005
1035,14.6,60.25
1035,14.8,60.095
1035,15.2,59.645
1035,15.3,60.685
1035,15.4,60.21
1035,15.5,59.35
1035,15.6,59.86
1035,15.8,60.185
1035,16.3,59.21
1035,16.4,59.51
1035,16.5,59.11
1035,16.6,58.73
1035,16.7,59.05
1035,16.8,58.035
1035,17.6,58.535
1035,17.7,58.275
1035,18.1,60.7
1035,19.4,61.88
1035,19.5,59.31
1035,19.7,61.09
1037,12.6,75.93
1037,14.3,70.43
1037,14.4,69.48
1037,15.4,68.35
1037,15.7,68.525
1037,16.4,65.925
1037,16.6,65.095
1037,16.7,64.955
1037,17.3,66.91999999999999
1037,17.4,64.89
1037,17.5,66.49000000000001
1037,17.6,66.66499999999999
1037,17.7,64.19
1037,18.4,63.885
1037,18.7,64.315
1037,18.8,62.510000000000005
1039,14.2,66.575
1039,14.8,65.5
1039,14.9,65.94
1039,15.0,64.89
1039,15.2,64.425
1039,15.9,66.25
1039,16.1,65.68
1039,16.2,65.23
1039,16.9,62.98
1039,17.0,63.06
1039,17.8,61.355
1039,18.0,62.375
1039,18.1,61.73
1039,18.2,61.845
1039,19.2,64.45
1040,13.0,66.74
1040,13.6,65.64
1040,13.8,64.58
1040,13.9,63.57
1040,14.0,64.125
1040,14.1,63.39
1040,14.6,62.59
1040,14.7,62.23
1040,14.9,61.07
1040,15.1,61.504999999999995
1040,15.6,62.44
1040,15.7,61.61
1040,15.9,61.56
1040,16.1,61.9
1040,16.6,61.62
1040,16.7,62.07
1040,16.8,61.44
1040,16.9,62.49
1040,17.0,62.81
1040,17.1,63.03
1040,17.5,65.37
1040,17.6,64.17
1040,17.7,63.13
1040,19.8,62.375
1041,14.4,62.25
1041,14.6,62.18
1041,14.7,62.34
1041,15.3,61.64
1041,15.4,60.615
1041,15.6,62.81
1041,15.7,61.585
1041,15.8,60.17
1041,16.4,60.19
1041,16.6,61.16
1041,16.8,60.79
1042,12.4,73.89
1042,13.4,67.36500000000001
1042,14.0,64.67500000000001
1042,14.1,64.58000000000001
1042,14.3,63.915000000000006
1042,14.4,64.16499999999999
1042,14.5,64.65
1042,15.0,64.305
1042,15.1,63.805
1042,15.2,64.31
1042,15.3,63.32
1042,15.4,66.465
1042,16.0,63.129999999999995
1042,16.1,64.32
1042,16.4,62.54
1042,17.0,66.15
1042,17.1,65.62
1042,17.3,64.62
1042,17.4,67.32
1042,18.0,63.57000000000001
1042,19.0,66.17
1042,19.1,66.89
1043,14.2,69.86
1043,15.0,69.67
1043,15.1,67.9
1043,15.2,69.83
1043,16.2,70.18
1043,16.3,69.61
1043,17.0,64.89
1043,17.2,65.38
1043,17.3,65.11500000000001
1043,17.9,67.47
1043,18.0,66.87
1043,18.8,66.71
1043,19.0,66.305
1043,19.3,66.91499999999999
1047,13.6,74.78
1047,13.8,74.69
1047,14.0,73.96
1047,14.5,75.045
1047,14.6,72.22
1047,14.7,72.13
1047,14.9,72.12
1047,15.0,73
1047,15.4,70.37
1047,15.5,71.15
1047,15.6,70.18
1047,15.7,70
1047,16.0,69.9
1047,16.6,72.905
1047,16.7,71.83
1049,12.9,68.59
1049,13.9,66.12
1049,14.0,66.05
1049,14.8,67.64
1049,14.9,66.13
1049,15.0,66.77
1049,15.5,65.76
1049,15.6,65.05
1049,15.7,65.71
1049,15.8,63.835
1049,15.9,65.25
1049,16.0,65.225
1049,16.4,65.89
1049,16.5,66.39
1049,16.6,66.16
1049,16.7,64.79
1049,16.9,64.61
1050,12.5,85.74
1050,13.5,77.76
1050,15.3,78.12
1050,16.2,74.72
1050,16.3,76.23
1050,16.4,75.3
1050,17.1,75.525
1050,17.4,74.43
1050,18.1,70.515
1050,18.2,71.47
1050,18.4,69.53
1050,19.2,68.86
1050,19.4,68.6
1050,19.5,67.6
1050,19.6,71.43
1051,12.2,76.85
1051,13.2,72.345
1051,13.9,67.72
1051,14.0,63.68
1051,14.2,65.09
1051,15.0,65.55
1051,15.2,64.345
1051,15.9,64.15
1051,16.0,62.84
1051,16.2,67.8
1051,16.3,64.03
1051,16.8,66.67
1051,16.9,64.14
1051,17.0,65.94
1051,17.1,63.16
1051,17.2,67.76
1051,17.3,65.305
1051,17.4,62.81
1057,14.4,61.65
1057,14.9,62.58
1057,15.1,61.394999999999996
1057,15.2,60.75
1057,15.3,62.1
1057,15.4,60.510000000000005
1057,16.0,62.86
1057,16.1,62.11
1057,16.2,61.25
1057,16.4,61.4
1057,17.1,61.1
1057,17.2,60.79
1057,17.9,62.13
1057,18.0,63.27
1057,18.1,61.74
1057,18.9,60.595
1057,19.2,60.63
1057,19.3,60.26
1057,20.0,60.52
1058,12.3,71.17
1058,13.2,67.975
1058,13.3,64.2
1058,14.0,67.16
1058,14.1,64.75
1058,14.4,63.545
1058,15.0,62.8
1058,15.1,62.38
1058,15.2,60.98
1058,15.3,65.13
1058,15.4,61.57
1058,16.0,63.394999999999996
1058,16.1,63.58
1058,16.2,63.004999999999995
1058,16.4,63.54
1058,16.9,61.55
1058,17.0,60.995
1058,17.1,62.14
1058,17.3,62.79
1058,17.4,62.64
1062,12.2,79.15
1062,13.1,68.5
1062,13.6,66.35
1062,13.8,65.42
1062,13.9,65.00999999999999
1062,14.1,63.95
1062,14.2,64.2
1062,14.7,63.805
1062,14.8,63.735
1062,14.9,62.370000000000005
1062,15.0,63.23
1062,15.2,63.89
1062,15.8,64.45
1062,15.9,64.47
1062,16.0,64.6
1062,16.2,64.36
1062,16.8,63.620000000000005
1062,17.0,62.68
1062,17.1,62.83
1062,17.2,62.879999999999995
1062,17.6,61.8
1062,17.8,63.144999999999996
1062,17.9,62.06
1062,18.1,62.56
1062,18.2,61.9
